Binomial,Common.Name,Species.Status,Class,Order,Family,Water.Dependence,Water.Dependence.Method,Water.Dependence.Reliability,Water.Dependence.Notes,Water.Dependence.Reference,Scratch.Digging,Well.Digging,Burrowing,Rooting,Digging.Rooting.Methods,Digging.Rooting.Method.Reliability,Digging.Rooting.Notes,Digging.Rooting.Reference
Aepyornis hildebrandti,Hildebrandt's Elephant Bird,Extinct before 1500 CE,Aves,Aepyornithiformes,Aepyornithidae,,,,,,,,,,,,,
Aepyornis maximus,Giant Elephant Bird,Extinct before 1500 CE,Aves,Aepyornithiformes,Aepyornithidae,,,,,,,,,,,,,
Mullerornis modestus,Robust Elephant Bird,Extinct before 1500 CE,Aves,Aepyornithiformes,Aepyornithidae,,,,,,,,,,,,,
Vorombe titan,Titan Elephant Bird,Extinct before 1500 CE,Aves,Aepyornithiformes,Aepyornithidae,,,,,,,,,,,,,
Cnemiornis calcitrans,South Island Goose,Extinct before 1500 CE,Aves,Anseriformes,Anatidae,,,,,,,,,,,,,
Cnemiornis gracilis,North Island Goose,Extinct before 1500 CE,Aves,Anseriformes,Anatidae,,,,,,,,,,,,,
Cygnus buccinator,Trumpeter Swan,Extant,Aves,Anseriformes,Anatidae,High,Inferred from habitat affinities,0,"Inferring free water dependence from habitat affinities. Confidence is low, given low confidence for habitat affinities themselves.",Squires and Anderson 1995 American Midland Naturalist; All About Birds 2020 Cornell Lab of Ornithology; Birds of the World 2020 Cornell Lab of Ornithology,,,,,,,,
Cygnus falconeri,Maltese Swan,Extinct before 1500 CE,Aves,Anseriformes,Anatidae,High,Inferred from habitat affinities,0,"Inferring free water dependence from habitat affinities. Confidence is low, given low confidence for habitat affinities themselves.",Alcover 2000 Tropics,,,,,,,,
Cygnus olor,Mute Swan,Extant,Aves,Anseriformes,Anatidae,High,Inferred from habitat affinities,2,"Inferring free water dependence from habitat affinities. Confidence is low, given low confidence for habitat affinities themselves.",Bailey et al. 2008 The Journal of Wildlife Management; All About Birds 2020 Cornell Lab of Ornithology; Birds of the World 2020 Cornell Lab of Ornithology,,,,,,,,
Natunaornis gigoura,Viti Levu Giant Pigeon,Extinct before 1500 CE,Aves,Columbiformes,Columbidae,,,,,,,,,,,,,
Pezophaps solitaria,Rodrigues Solitaire,Extinct before 1500 CE,Aves,Columbiformes,Columbidae,,,,,,,,,,,,,
Raphus cucullatus,Dodo,Extinct before 1500 CE,Aves,Columbiformes,Columbidae,,,,,,,,,,,,,
Dinornis novaezealandiae,North Island Giant Moa,Extinct before 1500 CE,Aves,Dinornithiformes,Dinornithidae,,,,,,,,,,,,,
Dinornis robustus,South Island Giant Moa,Extinct before 1500 CE,Aves,Dinornithiformes,Dinornithidae,,,,,,,,,,,,,
Anomalopteryx didiformis,Bush Moa,Extinct before 1500 CE,Aves,Dinornithiformes,Emeidae,,,,,,,,,,,,,
Emeus crassus,Eastern Moa,Extinct before 1500 CE,Aves,Dinornithiformes,Emeidae,,,,,,,,,,,,,
Euryapteryx curtus,Coastal Moa,Extinct before 1500 CE,Aves,Dinornithiformes,Emeidae,,,,,,,,,,,,,
Pachyornis australis,Crested Moa,Extinct before 1500 CE,Aves,Dinornithiformes,Emeidae,,,,,,,,,,,,,
Pachyornis elephantopus,Heavy-Footed Moa,Extinct before 1500 CE,Aves,Dinornithiformes,Emeidae,,,,,,,,,,,,,
Pachyornis geranoides,Mantell's Moa,Extinct before 1500 CE,Aves,Dinornithiformes,Emeidae,,,,,,,,,,,,,
Megalapteryx didinus,Upland Moa,Extinct before 1500 CE,Aves,Dinornithiformes,Megalapterygidae,,,,,,,,,,,,,
Genyornis newtoni,Flightless Mihirung,Extinct before 1500 CE,Aves,Gastornithiformes,Dromornithidae,Low,Expert opinion,0,Miharungs apparently had salt glands (although evidence of how this is determined is unclear). This suggests an adaptation to drinking saline waters in arid environments.,Murray and Vickers-Rich 2004 Magnificent mihirungs: the colossal flightless birds of the Australian dreamtime,,,,,,,,
Sylviornis neocaledoniae,New Caledonian Giant Scrubfowl,Extinct before 1500 CE,Aves,Pangalliformes,Sylviornithidae,,,,,,,,,,,,,
Dromaius baudinianus,Kangaroo Island Emu,Extinct after 1500 CE,Aves,Struthiniformes,Casuariidae,,,,,,,,,,,,,
Dromaius minor,King Island Emu,Extinct after 1500 CE,Aves,Struthiniformes,Casuariidae,,,,,,,,,,,,,
Dromaius novaehollandiae,Emu,Extant,Aves,Struthiniformes,Casuariidae,,,,,,,,,,,,,
Rhea americana,Greater Rhea,Extant,Aves,Struthiniformes,Rheidae,,,,,,,,,,,,,
Rhea pennata,Lesser Rhea,Extant,Aves,Struthiniformes,Rheidae,,,,,,,,,,,,,
Casuarius bennetti,Dwarf Cassowary,Extant,Aves,Struthioniformes,Casuariidae,,,,,,,,,,,,,
Casuarius casuarius,Southern Cassowary,Extant,Aves,Struthioniformes,Casuariidae,,,,,,,,,,,,,
Casuarius unappendiculatus,Northern Cassowary,Extant,Aves,Struthioniformes,Casuariidae,,,,,,,,,,,,,
Struthio asiaticus,Asian Ostrich,Extinct before 1500 CE,Aves,Struthioniformes,Struthionidae,,,,,,,,,,,,,
Struthio camelus,Ostrich,Extant,Aves,Struthioniformes,Struthionidae,,,,,,,,,,,,,
Struthio molybdophanes,Somali ostrich,Extant,Aves,Struthioniformes,Struthionidae,,,,,,,,,,,,,
Ailuropoda melanoleuca,Giant Panda,Extant,Mammalia,Carnivora,Ursidae,,,,,,1,,,,Observed digging; Functional morphology,3,"Bears are highly adapted for scratch digging to eat underground plant parts and invertebrates. Indeed, they are considered in some ways ecologically parallel to rooting pigs.",Hatley and Kappelman 1980 Human Ecology
Arctotherium tarijense,Short-faced bear,Extinct before 1500 CE,Mammalia,Carnivora,Ursidae,,,,,,1,,,,Functional morphology,1,"Bears are highly adapted for scratch digging to eat underground plant parts and invertebrates. Indeed, they are considered in some ways ecologically parallel to rooting pigs.",Hatley and Kappelman 1980 Human Ecology
Arctotherium wingei,Short-faced bear,Extinct before 1500 CE,Mammalia,Carnivora,Ursidae,,,,,,1,,,,Functional morphology,1,"Bears are highly adapted for scratch digging to eat underground plant parts and invertebrates. Indeed, they are considered in some ways ecologically parallel to rooting pigs.",Hatley and Kappelman 1980 Human Ecology
Tremarctos floridanus,Florida spectacled bear,Extinct before 1500 CE,Mammalia,Carnivora,Ursidae,,,,,,1,,,,Functional morphology,1,"Bears are highly adapted for scratch digging to eat underground plant parts and invertebrates. Indeed, they are considered in some ways ecologically parallel to rooting pigs.",Hatley and Kappelman 1980 Human Ecology
Tremarctos ornatus,Spectacled Bear,Extant,Mammalia,Carnivora,Ursidae,,,,,,1,,,,Functional morphology,1,"Bears are highly adapted for scratch digging to eat underground plant parts and invertebrates. Indeed, they are considered in some ways ecologically parallel to rooting pigs.",Hatley and Kappelman 1980 Human Ecology
Ursus americanus,American Black Bear,Extant,Mammalia,Carnivora,Ursidae,,,,,,1,,,,Observed digging,3,"American black bears will dig for underground plant parts and cicada nymphs (Lundgren et al. In Preparation). Bears are highly adapted for scratch digging to eat underground plant parts and invertebrates. Indeed, they are considered in some ways ecologically parallel to rooting pigs.",Lundgren et al. In Preparation; Hatley and Kappelman 1980 Human Ecology
Ursus arctos,Brown Bear,Extant,Mammalia,Carnivora,Ursidae,,,,,,1,,,,Observed digging,3,"Grizzlies and likely most brown bears dig for underground plant parts, with profound influences on soil mineralization rates, and plant communities (Tardiff and Stanford 1998). Bears are highly adapted for scratch digging to eat underground plant parts and invertebrates. Indeed, they are considered in some ways ecologically parallel to rooting pigs.",Tardiff and Stanford 1998 Ecology; Hatley and Kappelman 1980 Human Ecology
Ursus spelaeus,Cave bear,Extinct before 1500 CE,Mammalia,Carnivora,Ursidae,,,,,,1,,,,Functional morphology,1,"Bears are highly adapted for scratch digging to eat underground plant parts and invertebrates. Indeed, they are considered in some ways ecologically parallel to rooting pigs.",Hatley and Kappelman 1980 Human Ecology
Ursus thibetanus,Asiatic Black Bear,Extant,Mammalia,Carnivora,Ursidae,,,,,,1,,,,Observed digging,3,"Bears are highly adapted for scratch digging to eat underground plant parts and invertebrates. Indeed, they are considered in some ways ecologically parallel to rooting pigs.",Hatley and Kappelman 1980 Human Ecology
Antilocapra americana,Pronghorn,Extant,Mammalia,Cetartiodactyla,Antilocapridae,Low,Observed water usage,3,"There has been substantial debate about whether pronghorn (particularly those in the hot deserts of North America) require surface water. Evidence suggests that they do. However, like other species, this is likely contingent upon demographics, with lactating females requiring surface water more than non-lactating adults. Overall, water availability has been shown to increase population growth rates and persistence, but some populations exist in hyper-arid deserts without (known) surface water.",Harveson 2006 Pronghorn Symposium; Tluczek 2012 Thesis; Morgart et al. 2005 Wildlife Society Bulletin,,,,,,,,
Capromeryx minor,Dwarf pronghorn,Extinct before 1500 CE,Mammalia,Cetartiodactyla,Antilocapridae,,,,,,,,,,,,,
Stockoceros conklingi,,Extinct before 1500 CE,Mammalia,Cetartiodactyla,Antilocapridae,,,,,,,,,,,,,
Tetrameryx shuleri,,Extinct before 1500 CE,Mammalia,Cetartiodactyla,Antilocapridae,,,,,,,,,,,,,
Addax nasomaculatus,Addax,Extant,Mammalia,Cetartiodactyla,Bovidae,None,Observed water usage,,"Grazers of harsh deserts, subsisting on desert grasses. Will consume forbs and shrubs during drought, and relishes on bitter melon for water content. Can survive years without drinking water, if forage is of sufficient quality.",Wilson and Mittermeier 2011 Handbook of the Mammals of the World; Hummel et al. 2008 Comparative Biochemistry and Physiology; Kingdon et al. 2013 Mammals of Africa,,,,,,,,
Aepyceros melampus,Impala,Extant,Mammalia,Cetartiodactyla,Bovidae,High,Observed water usage,3,,Hempson et al. 2015 Science; Kingdon et al. 2013 Mammals of Africa; Wilson and Mittermeier 2011 Handbook of the Mammals of the World,,,,,,,,
Alcelaphus buselaphus,Hartebeest,Extant,Mammalia,Cetartiodactyla,Bovidae,High,Observed water usage,3,,Hempson et al. 2015 Science; Kingdon et al. 2013 Mammals of Africa; Wilson and Mittermeier 2011 Handbook of the Mammals of the World,,,,,,,,
Ammodorcas clarkei,Dibatag,Extant,Mammalia,Cetartiodactyla,Bovidae,,,,,,,,,,,,,
Ammotragus lervia,Aoudad,Extant,Mammalia,Cetartiodactyla,Bovidae,,,,,,,,,,,,,
Antidorcas australis,Fossil springbok,Extinct before 1500 CE,Mammalia,Cetartiodactyla,Bovidae,,,,,,,,,,,,,
Antidorcas bondi,Fossil springbok,Extinct before 1500 CE,Mammalia,Cetartiodactyla,Bovidae,,,,,,,,,,,,,
Antidorcas marsupialis,Springbok,Extant,Mammalia,Cetartiodactyla,Bovidae,Low,Observed water usage,3,"Described as avoiding areas with water, potentially to avoid ticks carried in tall grass. Short grass specialists.",Hempson et al. 2015 Science; Kingdon et al. 2013 Mammals of Africa; Wilson and Mittermeier 2011 Handbook of the Mammals of the World,,,,,,,,
Antilope cervicapra,Blackbuck,Extant,Mammalia,Cetartiodactyla,Bovidae,,,,,,,,,,,,,
Arabitragus jayakari,Arabian Tahr,Extant,Mammalia,Cetartiodactyla,Bovidae,,,,,,,,,,,,,
Beatragus hunteri,Hirola,Extant,Mammalia,Cetartiodactyla,Bovidae,,,,,,,,,,,,,
Bison bison,American Bison,Extant,Mammalia,Cetartiodactyla,Bovidae,,,,,,,,,,,,,
Bison bonasus,European Bison,Extant,Mammalia,Cetartiodactyla,Bovidae,,,,,,,,,,,,,
Bootherium bombifrons,Harlan's muskox; helmeted muskox; bonnet-headed muskox,Extinct before 1500 CE,Mammalia,Cetartiodactyla,Bovidae,,,,,,,,,,,,,
Bos gaurus,Gaur,Extant,Mammalia,Cetartiodactyla,Bovidae,High,Observed water usage,3,Gaur are described as free water dependent.,Wilson and Mittermeier 2011 Handbook of the Mammals of the World; Wilman et al. 2014 Ecology; Sankar et al. 2013 Tropical Conservation Science,,,,,,,,
Bos javanicus,Banteng,Extant,Mammalia,Cetartiodactyla,Bovidae,High,Observed water usage,3,Banteng are described as requiring free water daily.,Wilson and Mittermeier 2011 Handbook of the Mammals of the World; Wilman et al. 2014 Ecology; Steinmetz 2004 Mammalia,,,,,,,,
Bos mutus,Wild Yak,Extant,Mammalia,Cetartiodactyla,Bovidae,,,,,,,,,,,,,
Bos primigenius,Aurochs,Extinct after 1500 CE,Mammalia,Cetartiodactyla,Bovidae,,,,,,,,,,,,,
Bos primigenius taurus,Cow,"Extinct after 1500 CE, but wild in introduced range",Mammalia,Cetartiodactyla,Bovidae,,,,,,,,,,,,,
Bos sauveli,Kouprey,Extant,Mammalia,Cetartiodactyla,Bovidae,,,,,,,,,,,,,
Boselaphus tragocamelus,Nilgai,Extant,Mammalia,Cetartiodactyla,Bovidae,High,Expert opinion,1,"Nilgai distributions are described as being coupled with water availability. I could not find empirical evidence that would distinguish between Low and High water dependence. Given their semi-arid to arid habitats, I imagine they are more free water independent than other more mesic species, but scoring as High to be conservative.",Wilson and Mittermeier 2011 Handbook of the Mammals of the World; Wilman et al. 2014 Ecology; Leslie 2008 Mammalian Species,,,,,,,,
Bubalus arnee,Wild water buffalo,Extant,Mammalia,Cetartiodactyla,Bovidae,High,Inferred from habitat affinities,2,Water buffalo are closely associated with aquatic habitats. It is highly unlikely that they are free water independent.,Wilson and Mittermeier 2011 Handbook of the Mammals of the World; Wilman et al. 2014 Ecology; IUCN Redlist 2018; Choudhury 1994 Oryx,,,,,,,,
Bubalus arnee bubalis,Domestic water buffalo,Extant,Mammalia,Cetartiodactyla,Bovidae,High,Inferred from habitat affinities,2,Water buffalo are closely associated with aquatic habitats. It is highly unlikely that they are free water independent.,Wilson and Mittermeier 2011 Handbook of the Mammals of the World; Wilman et al. 2014 Ecology; IUCN Redlist 2018,,,,,,,,
Bubalus depressicornis,Lowland Anoa,Extant,Mammalia,Cetartiodactyla,Bovidae,High,Inferred from habitat affinities,2,"Given this species aquatic habitat affinities, we are inferring water dependence.",Wilson and Mittermeier 2011 Handbook of the Mammals of the World; Wilman et al. 2014 Ecology; Pacini and Harper 2008 Tropical stream ecology,,,,,,,,
Bubalus grovesi,,Extinct before 1500 CE,Mammalia,Cetartiodactyla,Bovidae,High,Inferred from habitat affinities,2,"Given this species aquatic habitat affinities, we are inferring water dependence.",Wilson and Mittermeier 2011 Handbook of the Mammals of the World; Wilman et al. 2014 Ecology; Pacini and Harper 2008 Tropical stream ecology,,,,,,,,
Bubalus mindorensis,Tamaraw,Extant,Mammalia,Cetartiodactyla,Bovidae,,,,,,,,,,,,,
Bubalus palaeokerabau,Long-horned Javan water buffalo,Extinct before 1500 CE,Mammalia,Cetartiodactyla,Bovidae,High,Inferred from habitat affinities,2,"Given this species aquatic habitat affinities, we are inferring water dependence.",Wilson and Mittermeier 2011 Handbook of the Mammals of the World; Wilman et al. 2014 Ecology; Pacini and Harper 2008 Tropical stream ecology,,,,,,,,
Bubalus quarlesi,Mountain Anoa,Extant,Mammalia,Cetartiodactyla,Bovidae,,,,,,,,,,,,,
Budorcas taxicolor,Takin,Extant,Mammalia,Cetartiodactyla,Bovidae,,,,,,,,,,,,,
Capra aegagrus,Wild Goat,Extant,Mammalia,Cetartiodactyla,Bovidae,,,,,,,,,,,,,
Capra aegagrus hircus,Domestic goat,Extant,Mammalia,Cetartiodactyla,Bovidae,,,,,,,,,,,,,
Capra caucasica,Western Tur,Extant,Mammalia,Cetartiodactyla,Bovidae,,,,,,,,,,,,,
Capra cylindricornis,Eastern Tur,Extant,Mammalia,Cetartiodactyla,Bovidae,,,,,,,,,,,,,
Capra falconeri,Markhor,Extant,Mammalia,Cetartiodactyla,Bovidae,,,,,,,,,,,,,
Capra ibex,Alpine ibex,Extant,Mammalia,Cetartiodactyla,Bovidae,,,,,,,,,,,,,
Capra nubiana,Nubian Ibex,Extant,Mammalia,Cetartiodactyla,Bovidae,,,,,,,,,,,,,
Capra pyrenaica,Iberian Wild Goat; Spanish Ibex,Extant,Mammalia,Cetartiodactyla,Bovidae,,,,,,,,,,,,,
Capra sibirica,Siberian Ibex,Extant,Mammalia,Cetartiodactyla,Bovidae,,,,,,,,,,,,,
Capra walie,Walia Ibex,Extant,Mammalia,Cetartiodactyla,Bovidae,,,,,,,,,,,,,
Capricornis crispus,Japanese Serow,Extant,Mammalia,Cetartiodactyla,Bovidae,,,,,,,,,,,,,
Capricornis milneedwardsii,Chinese Serow,Extant,Mammalia,Cetartiodactyla,Bovidae,,,,,,,,,,,,,
Capricornis rubidus,Red Serow,Extant,Mammalia,Cetartiodactyla,Bovidae,,,,,,,,,,,,,
Capricornis sumatraensis,Sumatran Serow,Extant,Mammalia,Cetartiodactyla,Bovidae,,,,,,,,,,,,,
Capricornis swinhoei,Formosan Serow,Extant,Mammalia,Cetartiodactyla,Bovidae,,,,,,,,,,,,,
Capricornis thar,Himalayan Serow,Extant,Mammalia,Cetartiodactyla,Bovidae,,,,,,,,,,,,,
CapriniGen spA,,Extinct before 1500 CE,Mammalia,Cetartiodactyla,Bovidae,,,,,,,,,,,,,
Cephalophus callipygus,Peters' Duiker,Extant,Mammalia,Cetartiodactyla,Bovidae,,,,,,,,,,,,,
Cephalophus dorsalis,Bay Duiker,Extant,Mammalia,Cetartiodactyla,Bovidae,None,Observed water usage,3,"Described by Hempson et al. 2015, from Kingdon and Wilson and Mittermeier, as being free water independent, which is surprising given their habitat in lowland rainforest.",Hempson et al. 2015 Science; Kingdon et al. 2013 Mammals of Africa; Wilson and Mittermeier 2011 Handbook of the Mammals of the World,,,,,,,,
Cephalophus harveyi,Harvey's Duiker,Extant,Mammalia,Cetartiodactyla,Bovidae,High,Inferred from habitat affinities,2,"Denizens of drier forests than other duikers, but often in proximity to water. Thus inferring water dependence.",Kingdon et al. 2013 Mammals of Africa,,,,,,,,
Cephalophus jentinki,Jentink's Duiker,Extant,Mammalia,Cetartiodactyla,Bovidae,,,,,,,,,,,,,
Cephalophus leucogaster,White-bellied Duiker,Extant,Mammalia,Cetartiodactyla,Bovidae,,,,,,,,,,,,,
Cephalophus natalensis,Natal Red Duiker,Extant,Mammalia,Cetartiodactyla,Bovidae,None,Observed water usage,3,"Described by Hempson et al. 2015, from Kingdon and Wilson and Mittermeier, as being free water independent, which is surprising given their habitat in lowland rainforest.",Hempson et al. 2015 Science; Kingdon et al. 2013 Mammals of Africa; Wilson and Mittermeier 2011 Handbook of the Mammals of the World,,,,,,,,
Cephalophus niger,Black Duiker,Extant,Mammalia,Cetartiodactyla,Bovidae,,,,,,,,,,,,,
Cephalophus nigrifrons,Black-fronted Duiker,Extant,Mammalia,Cetartiodactyla,Bovidae,High,Inferred from habitat affinities,2,"Black-fronted duikers inhabit swampy, water-logged habitats along streams. Almost certainly free water dependent, given this habitat affinity.",Kingdon et al. 2013 Mammals of Africa,,,,,,,,
Cephalophus ogilbyi,Ogilby's Duiker,Extant,Mammalia,Cetartiodactyla,Bovidae,,,,,,,,,,,,,
Cephalophus rufilatus,Red-flanked Duiker,Extant,Mammalia,Cetartiodactyla,Bovidae,High,Inferred from habitat affinities,2,This species prefers dense vegetation close to perennial sources of water. Inferring water dependence.,Kingdon et al. 2013 Mammals of Africa,,,,,,,,
Cephalophus silvicultor,Yellow-backed Duiker,Extant,Mammalia,Cetartiodactyla,Bovidae,None,Observed water usage,3,"Described by Hempson et al. 2015, from Kingdon and Wilson and Mittermeier, as being free water independent, which is surprising given their habitat in lowland rainforest.",Hempson et al. 2015 Science; Kingdon et al. 2013 Mammals of Africa; Wilson and Mittermeier 2011 Handbook of the Mammals of the World,,,,,,,,
Cephalophus spadix,Abbott's Duiker,Extant,Mammalia,Cetartiodactyla,Bovidae,,,,,,,,,,,,,
Cephalophus weynsi,Weyns's Duiker,Extant,Mammalia,Cetartiodactyla,Bovidae,,,,,,,,,,,,,
Cephalophus zebra,Zebra Duiker,Extant,Mammalia,Cetartiodactyla,Bovidae,,,,,,,,,,,,,
Connochaetes gnou,Black Wildebeest,Extant,Mammalia,Cetartiodactyla,Bovidae,High,Observed water usage,3,,Hempson et al. 2015 Science; Kingdon et al. 2013 Mammals of Africa; Wilson and Mittermeier 2011 Handbook of the Mammals of the World,,,,,,,,
Connochaetes taurinus,Common Wildebeest,Extant,Mammalia,Cetartiodactyla,Bovidae,High,Observed water usage,3,,Hempson et al. 2015 Science; Kingdon et al. 2013 Mammals of Africa; Wilson and Mittermeier 2011 Handbook of the Mammals of the World,,,,,,,,
Damaliscus hypsodon,,Extinct before 1500 CE,Mammalia,Cetartiodactyla,Bovidae,,,,,,,,,,,,,
Damaliscus lunatus,Topi,Extant,Mammalia,Cetartiodactyla,Bovidae,Low,Observed water usage,3,,Hempson et al. 2015 Science; Kingdon et al. 2013 Mammals of Africa; Wilson and Mittermeier 2011 Handbook of the Mammals of the World,,,,,,,,
Damaliscus niro,,Extinct before 1500 CE,Mammalia,Cetartiodactyla,Bovidae,,,,,,,,,,,,,
Damaliscus pygargus,Blesbok,Extant,Mammalia,Cetartiodactyla,Bovidae,High,Observed water usage,3,This species is usually in the vicinity of water and is described as free water dependent by Hempson et al. 2015.,Hempson et al. 2015 Science; Kingdon et al. 2013 Mammals of Africa; Wilson and Mittermeier 2011 Handbook of the Mammals of the World,,,,,,,,
Dorcatragus megalotis,Beira,Extant,Mammalia,Cetartiodactyla,Bovidae,,,,,,,,,,,,,
Euceratherium collinum,Shrub-ox,Extinct before 1500 CE,Mammalia,Cetartiodactyla,Bovidae,,,,,,,,,,,,,
Eudorcas albonotata,Mongalla Gazelle,Extant,Mammalia,Cetartiodactyla,Bovidae,,,,,,,,,,,,,
Eudorcas rufifrons,Red-fronted Gazelle,Extant,Mammalia,Cetartiodactyla,Bovidae,,,,,,,,,,,,,
Eudorcas thomsonii,Thomson's Gazelle,Extant,Mammalia,Cetartiodactyla,Bovidae,Low,Observed water usage,3,,Hempson et al. 2015 Science; Kingdon et al. 2013 Mammals of Africa; Wilson and Mittermeier 2011 Handbook of the Mammals of the World,,,,,,,,
Gazella atlantica,,Extinct before 1500 CE,Mammalia,Cetartiodactyla,Bovidae,,,,,,,,,,,,,
Gazella bennettii,Chinkara,Extant,Mammalia,Cetartiodactyla,Bovidae,,,,,,,,,,,,,
Gazella bilkis,Queen of Sheba's Gazelle,Extinct after 1500 CE,Mammalia,Cetartiodactyla,Bovidae,,,,,,,,,,,,,
Gazella cuvieri,Cuvier's Gazelle,Extant,Mammalia,Cetartiodactyla,Bovidae,,,,,,,,,,,,,
Gazella dorcas,Dorcas Gazelle,Extant,Mammalia,Cetartiodactyla,Bovidae,None,Observed foraging,3,"Dorcas gazelles do not require surface water, however, analysis of their habitat use in the Negev Desert of Israel shows a positive association with access to perennial surface water. This suggests they prefer water, but will go without if necessary.",Henley et al. 2007 Journal of Arid Environments,,,,,,,,
Gazella gazella,Mountain Gazelle,Extant,Mammalia,Cetartiodactyla,Bovidae,None,Observed foraging,3,May dig for succulent underground plant parts when water is unavailable.,Wilson and Mittermeier 2011 Handbook of the Mammals of the World,,,,,,,,
Gazella leptoceros,Slender-horned Gazelle,Extant,Mammalia,Cetartiodactyla,Bovidae,,,,,,,,,,,,,
Gazella marica,Arabian Sand Gazelle,Extant,Mammalia,Cetartiodactyla,Bovidae,None,Observed foraging,3,"Arabian sand gazelles are desert generalists, eating a variety of chenopods, grasses, and getting water from bitter wild melons. Can survive for long periods without drinking water.",Wilson and Mittermeier 2011 Handbook of the Mammals of the World; Schulz et al. 2013 Mammalian Biology,,,,,,,,
Gazella saudiya,Saudi Gazelle,Extinct after 1500 CE,Mammalia,Cetartiodactyla,Bovidae,,,,,,,,,,,,,
Gazella spekei,Speke's Gazelle,Extant,Mammalia,Cetartiodactyla,Bovidae,,,,,,,,,,,,,
Gazella subgutturosa,Goitered Gazelle,Extant,Mammalia,Cetartiodactyla,Bovidae,,,,,,,,,,,,,
Gazella tingitana,,Extinct before 1500 CE,Mammalia,Cetartiodactyla,Bovidae,,,,,,,,,,,,,
Hemitragus cedrensis,,Extinct before 1500 CE,Mammalia,Cetartiodactyla,Bovidae,,,,,,,,,,,,,
Hemitragus jemlahicus,Himalayan Tahr,Extant,Mammalia,Cetartiodactyla,Bovidae,,,,,,,,,,,,,
Hippotragus equinus,Roan Antelope,Extant,Mammalia,Cetartiodactyla,Bovidae,,,,,,,,,,,,,
Hippotragus leucophaeus,Bluebuck,Extinct after 1500 CE,Mammalia,Cetartiodactyla,Bovidae,,,,,,,,,,,,,
Hippotragus niger,Sable Antelope,Extant,Mammalia,Cetartiodactyla,Bovidae,High,Observed water usage,3,,Hempson et al. 2015 Science; Kingdon et al. 2013 Mammals of Africa; Wilson and Mittermeier 2011 Handbook of the Mammals of the World,,,,,,,,
Kobus ellipsiprymnus,Waterbuck,Extant,Mammalia,Cetartiodactyla,Bovidae,High,Observed water usage,3,"A denizen of wetland habitats. Described as free water dependent by Hempson et al., and his sources.",Hempson et al. 2015 Science; Kingdon et al. 2013 Mammals of Africa; Wilson and Mittermeier 2011 Handbook of the Mammals of the World,,,,,,,,
Kobus kob,Kob,Extant,Mammalia,Cetartiodactyla,Bovidae,High,Observed water usage,3,,Hempson et al. 2015 Science; Kingdon et al. 2013 Mammals of Africa; Wilson and Mittermeier 2011 Handbook of the Mammals of the World,,,,,,,,
Kobus leche,Southern Lechwe,Extant,Mammalia,Cetartiodactyla,Bovidae,High,Inferred from habitat affinities,2,A denizen of aquatic and semi-aquatic habitats. Inferring water dependence.,Wilson and Mittermeier 2011 Handbook of the Mammals of the World; Kingdon et al. 2013 Mammals of Africa,,,,,,,,
Kobus megaceros,Nile Lechwe,Extant,Mammalia,Cetartiodactyla,Bovidae,High,Inferred from habitat affinities,2,A denizen of aquatic and semi-aquatic habitats. Inferring water dependence.,Wilson and Mittermeier 2011 Handbook of the Mammals of the World; Kingdon et al. 2013 Mammals of Africa,,,,,,,,
Kobus vardonii,Puku,Extant,Mammalia,Cetartiodactyla,Bovidae,High,Inferred from habitat affinities,2,A denizen of aquatic and semi-aquatic habitats. Inferring water dependence.,Wilson and Mittermeier 2011 Handbook of the Mammals of the World; Kingdon et al. 2013 Mammals of Africa,,,,,,,,
Litocranius walleri,Gerenuk,Extant,Mammalia,Cetartiodactyla,Bovidae,None,Observed water usage,3,,Hempson et al. 2015 Science; Kingdon et al. 2013 Mammals of Africa; Wilson and Mittermeier 2011 Handbook of the Mammals of the World,,,,,,,,
Megalotragus priscus,Megalotragus,Extinct before 1500 CE,Mammalia,Cetartiodactyla,Bovidae,,,,,,,,,,,,,
Megalovis guangxiensis,,Extinct before 1500 CE,Mammalia,Cetartiodactyla,Bovidae,,,,,,,,,,,,,
Myotragus balearicus,Myotragus balearicus,Extinct before 1500 CE,Mammalia,Cetartiodactyla,Bovidae,,,,,,,,,,,,,
Naemorhedus baileyi,Red Goral,Extant,Mammalia,Cetartiodactyla,Bovidae,,,,,,,,,,,,,
Naemorhedus caudatus,Long-tailed Goral,Extant,Mammalia,Cetartiodactyla,Bovidae,,,,,,,,,,,,,
Naemorhedus goral,Himalayan Goral,Extant,Mammalia,Cetartiodactyla,Bovidae,,,,,,,,,,,,,
Naemorhedus griseus,Chinese Goral,Extant,Mammalia,Cetartiodactyla,Bovidae,High,Inferred from habitat affinities,2,This species habitat is closely linked to surface water. Inferring water dependence.,Wilson and Mittermeier 2011 Handbook of the Mammals of the World,,,,,,,,
Nanger dama,Dama Gazelle,Extant,Mammalia,Cetartiodactyla,Bovidae,,,,,,,,,,,,,
Nanger granti,Grant's Gazelle,Extant,Mammalia,Cetartiodactyla,Bovidae,None,Observed water usage,3,,Hempson et al. 2015 Science; Kingdon et al. 2013 Mammals of Africa; Wilson and Mittermeier 2011 Handbook of the Mammals of the World,,,,,,,,
Nanger soemmerringii,Soemmerring's Gazelle,Extant,Mammalia,Cetartiodactyla,Bovidae,,,,,,,,,,,,,
Nilgiritragus hylocrius,Nilgiri Tahr,Extant,Mammalia,Cetartiodactyla,Bovidae,,,,,,,,,,,,,
Oreamnos americanus,Mountain Goat,Extant,Mammalia,Cetartiodactyla,Bovidae,,,,,,,,,,,,,
Oreamnos harringtoni,Harrington's mountain goat,Extinct before 1500 CE,Mammalia,Cetartiodactyla,Bovidae,,,,,,,,,,,,,
Oreotragus oreotragus,Klipspringer,Extant,Mammalia,Cetartiodactyla,Bovidae,None,Observed water usage,3,,Hempson et al. 2015 Science; Kingdon et al. 2013 Mammals of Africa; Wilson and Mittermeier 2011 Handbook of the Mammals of the World,,,,,,,,
Oryx beisa,Beisa Oryx,Extant,Mammalia,Cetartiodactyla,Bovidae,Low,Observed water usage,3,,Hempson et al. 2015 Science; Kingdon et al. 2013 Mammals of Africa; Wilson and Mittermeier 2011 Handbook of the Mammals of the World,,,,,,,,
Oryx dammah,Scimitar-horned Oryx,"Extinct after 1500 CE, but wild in introduced range",Mammalia,Cetartiodactyla,Bovidae,,,,,,,,,,,,,
Oryx gazella,Gemsbok,Extant,Mammalia,Cetartiodactyla,Bovidae,None,Observed water usage,3,"This species is largely free water independent, but will dig wells to groundwater.",Hempson et al. 2015 Science; Kingdon et al. 2013 Mammals of Africa; Wilson and Mittermeier 2011 Handbook of the Mammals of the World; Hamilton et al. 1977 Madoqua,,1,,,Observed digging,3,"Gemsbok, in conjunction with Papio ursinus, dig wells to ground water in West Africa. These wells reach a meter or more in depth.",Hamilton et al. 1977 Madoqua
Oryx leucoryx,Arabian Oryx,Extant,Mammalia,Cetartiodactyla,Bovidae,None,Observed low sample size (1-5) water usage,3,A free water independent species of arid to semi-arid deserts. Little is known about them in the wild because of their population decline.,Wilson and Mittermeier 2011 Handbook of the Mammals of the World; Wilman et al. 2014 Ecology; Ismail et al. 2011 Journal of Arid Environments,,,,,,,,
Ourebia ourebi,Oribi,Extant,Mammalia,Cetartiodactyla,Bovidae,None,Observed water usage,3,Thought to be free-water independent yet proximity to water does appear to be important in more arid parts of their range.,Hempson et al. 2015 Science; Kingdon et al. 2013 Mammals of Africa; Wilson and Mittermeier 2011 Handbook of the Mammals of the World,,,,,,,,
Ovibos moschatus,Muskox,Extant,Mammalia,Cetartiodactyla,Bovidae,,,,,,,,,,,,,
Ovis ammon,Argali,Extant,Mammalia,Cetartiodactyla,Bovidae,,,,,,,,,,,,,
Ovis canadensis,Bighorn Sheep,Extant,Mammalia,Cetartiodactyla,Bovidae,Low,Observed water usage,3,"Bighorn sheep population persistence is strongly associated with water availability, although this is often contested. Some authors posit that certain populations (likely with sufficient forage) can be free water independent. Their water requirements are probably structured by demographics, with lactating ewes requiring more water than non-lactating ewes or rams.",Longshore et al. 2009 Journal of Arid Environments; Krausman 1996 Desert bighorn sheep and water: a bibliography,,,,,,,,
Ovis dalli,Thinhorn Sheep; Dall's Sheep,Extant,Mammalia,Cetartiodactyla,Bovidae,,,,,,,,,,,,,
Ovis nivicola,Snow Sheep,Extant,Mammalia,Cetartiodactyla,Bovidae,,,,,,,,,,,,,
Ovis orientalis,Mouflon,Extant,Mammalia,Cetartiodactyla,Bovidae,,,,,,,,,,,,,
Ovis orientalis aries,Domestic sheep,Extant,Mammalia,Cetartiodactyla,Bovidae,,,,,,,,,,,,,
Pantholops hodgsonii,Chiru,Extant,Mammalia,Cetartiodactyla,Bovidae,,,,,,,,,,,,,
Pelea capreolus,Grey Rhebok,Extant,Mammalia,Cetartiodactyla,Bovidae,,,,,,,,,,,,,
Pelorovis antiquus,Long-horned African buffalo,Extinct before 1500 CE,Mammalia,Cetartiodactyla,Bovidae,,,,,,,,,,,,,
Philantomba maxwellii,Maxwell's Duiker,Extant,Mammalia,Cetartiodactyla,Bovidae,None,Observed water usage,3,,Hempson et al. 2015 Science; Kingdon et al. 2013 Mammals of Africa; Wilson and Mittermeier 2011 Handbook of the Mammals of the World,,,,,,,,
Procapra gutturosa,Mongolian Gazelle,Extant,Mammalia,Cetartiodactyla,Bovidae,,,,,,,,,,,,,
Procapra picticaudata,Tibetan Gazelle,Extant,Mammalia,Cetartiodactyla,Bovidae,,,,,,,,,,,,,
Procapra przewalskii,Przewalski's Gazelle,Extant,Mammalia,Cetartiodactyla,Bovidae,,,,,,,,,,,,,
Pseudois nayaur,Blue Sheep,Extant,Mammalia,Cetartiodactyla,Bovidae,,,,,,,,,,,,,
Pseudoryx nghetinhensis,Saola,Extant,Mammalia,Cetartiodactyla,Bovidae,,,,,,,,,,,,,
Raphicerus campestris,Steenbok,Extant,Mammalia,Cetartiodactyla,Bovidae,None,Observed water usage,3,,Hempson et al. 2015 Science; Kingdon et al. 2013 Mammals of Africa; Wilson and Mittermeier 2011 Handbook of the Mammals of the World,,,,,,,,
Raphicerus melanotis,Cape Grysbok,Extant,Mammalia,Cetartiodactyla,Bovidae,,,,,,,,,,,,,
Redunca arundinum,Southern Reedbuck,Extant,Mammalia,Cetartiodactyla,Bovidae,High,Observed water usage,3,,Hempson et al. 2015 Science; Kingdon et al. 2013 Mammals of Africa; Wilson and Mittermeier 2011 Handbook of the Mammals of the World,,,,,,,,
Redunca fulvorufula,Mountain Reedbuck,Extant,Mammalia,Cetartiodactyla,Bovidae,High,Observed water usage,3,,Hempson et al. 2015 Science; Kingdon et al. 2013 Mammals of Africa; Wilson and Mittermeier 2011 Handbook of the Mammals of the World,,,,,,,,
Redunca redunca,Bohor Reedbuck,Extant,Mammalia,Cetartiodactyla,Bovidae,High,Observed water usage,3,A water dependent species according to Wilson and Mittermeier and Pacini and Harper.,Wilson and Mittermeier 2011 Handbook of the Mammals of the World; Wilman et al. 2014 Ecology; Pacini and Harper 2008 Tropical stream ecology,,,,,,,,
Rupicapra pyrenaica,Pyrenean Chamois,Extant,Mammalia,Cetartiodactyla,Bovidae,,,,,,,,,,,,,
Rupicapra rupicapra,Northern Chamois,Extant,Mammalia,Cetartiodactyla,Bovidae,,,,,,,,,,,,,
Rusingoryx atopocranion,Rusingoryx,Extinct before 1500 CE,Mammalia,Cetartiodactyla,Bovidae,,,,,,,,,,,,,
Saiga tatarica,Saiga,Extant,Mammalia,Cetartiodactyla,Bovidae,,,,,,,,,,,,,
Sivacobus sankaliai,,Extinct before 1500 CE,Mammalia,Cetartiodactyla,Bovidae,,,,,,,,,,,,,
Soergelia minor,,Extinct before 1500 CE,Mammalia,Cetartiodactyla,Bovidae,,,,,,,,,,,,,
Spirocerus kiakhtensis,Spiral-horned antelope,Extinct before 1500 CE,Mammalia,Cetartiodactyla,Bovidae,,,,,,,,,,,,,
Sylvicapra grimmia,Common Duiker,Extant,Mammalia,Cetartiodactyla,Bovidae,None,Observed water usage,3,,Hempson et al. 2015 Science; Kingdon et al. 2013 Mammals of Africa; Wilson and Mittermeier 2011 Handbook of the Mammals of the World,,,,,,,,
Syncerus caffer,African Buffalo,Extant,Mammalia,Cetartiodactyla,Bovidae,High,Observed water usage,3,Free water availability limits their otherwise broad distribution.,Hempson et al. 2015 Science; Kingdon et al. 2013 Mammals of Africa; Wilson and Mittermeier 2011 Handbook of the Mammals of the World,,,,,,,,
Tetracerus quadricornis,Four-horned Antelope,Extant,Mammalia,Cetartiodactyla,Bovidae,,,,,,,,,,,,,
Tragelaphus angasii,Nyala,Extant,Mammalia,Cetartiodactyla,Bovidae,Low,Observed water usage,3,,Hempson et al. 2015 Science; Kingdon et al. 2013 Mammals of Africa; Wilson and Mittermeier 2011 Handbook of the Mammals of the World,,,,,,,,
Tragelaphus buxtoni,Mountain Nyala,Extant,Mammalia,Cetartiodactyla,Bovidae,,,,,,,,,,,,,
Tragelaphus derbianus,Giant Eland,Extant,Mammalia,Cetartiodactyla,Bovidae,,,,,,,,,,,,,
Tragelaphus eurycerus,Bongo,Extant,Mammalia,Cetartiodactyla,Bovidae,,,,,,,,,,,,,
Tragelaphus imberbis,Lesser Kudu,Extant,Mammalia,Cetartiodactyla,Bovidae,None,Expert opinion,0,"This species is considered free water independent, but much remains unknown.",Wilson and Mittermeier 2011 Handbook of the Mammals of the World; Kingdon et al. 2013 Mammals of Africa,,,,,,,,
Tragelaphus oryx,Common Eland,Extant,Mammalia,Cetartiodactyla,Bovidae,None,Observed water usage,3,,Hempson et al. 2015 Science; Kingdon et al. 2013 Mammals of Africa; Wilson and Mittermeier 2011 Handbook of the Mammals of the World,,,,,,,,
Tragelaphus scriptus,Bushbuck,Extant,Mammalia,Cetartiodactyla,Bovidae,Low,Observed water usage,3,Their distribution is closely linked to surface water availability.,Hempson et al. 2015 Science; Kingdon et al. 2013 Mammals of Africa; Wilson and Mittermeier 2011 Handbook of the Mammals of the World,,,,,,,,
Tragelaphus spekii,Sitatunga,Extant,Mammalia,Cetartiodactyla,Bovidae,High,Inferred from habitat affinities,3,"Given this species' semi-aquatic adaptations, it is almost certainly surface water dependent.",Wilson and Mittermeier 2011 Handbook of the Mammals of the World; Kingdon et al. 2013 Mammals of Africa; Pacini and Harper 2008 Tropical stream ecology,,,,,,,,
Tragelaphus strepsiceros,Greater Kudu,Extant,Mammalia,Cetartiodactyla,Bovidae,Low,Observed water usage,3,,Hempson et al. 2015 Science; Kingdon et al. 2013 Mammals of Africa; Wilson and Mittermeier 2011 Handbook of the Mammals of the World,,,,,,,,
Camelops hesternus,Extinct western camel; Camelops,Extinct before 1500 CE,Mammalia,Cetartiodactyla,Camelidae,,,,,,,,,,,,,
Camelus dromedarius,Dromedary camel,"Extinct before 1500 CE, but wild in introduced range",Mammalia,Cetartiodactyla,Camelidae,None,Observed water usage,3,Camels can go up to 7 months without drinking water. Highly arid adapted. The difference in water retention ability between bactrian and dromedary camels is unclear.,Wilson and Mittermeier 2011 Handbook of the Mammals of the World,,,,,,,,
Camelus ferus,Bactrian Camel,Extant,Mammalia,Cetartiodactyla,Camelidae,None,Observed water usage,3,Camels can go up to 7 months without drinking water. Highly arid adapted. The difference in water retention ability between bactrian and dromedary camels is unclear.,Wilson and Mittermeier 2011 Handbook of the Mammals of the World,,,,,,,,
Hemiauchenia macrocephala,Large-headed llama,Extinct before 1500 CE,Mammalia,Cetartiodactyla,Camelidae,,,,,,,,,,,,,
Hemiauchenia paradoxa,Large-headed llama,Extinct before 1500 CE,Mammalia,Cetartiodactyla,Camelidae,,,,,,,,,,,,,
Lama guanicoe,Guanaco,Extant,Mammalia,Cetartiodactyla,Camelidae,,,,,,,,,,,,,
Palaeolama major,,Extinct before 1500 CE,Mammalia,Cetartiodactyla,Camelidae,,,,,,,,,,,,,
Palaeolama mirifica,Stout-legged llama,Extinct before 1500 CE,Mammalia,Cetartiodactyla,Camelidae,,,,,,,,,,,,,
Palaeolama weddeli,,Extinct before 1500 CE,Mammalia,Cetartiodactyla,Camelidae,,,,,,,,,,,,,
Vicugna vicugna,Vicuna,Extant,Mammalia,Cetartiodactyla,Camelidae,,,,,,,,,,,,,
Agalmaceros blicki,,Extinct before 1500 CE,Mammalia,Cetartiodactyla,Cervidae,,,,,,,,,,,,,
Alces alces,Moose,Extant,Mammalia,Cetartiodactyla,Cervidae,High,Inferred from habitat affinities,3,"Moose distributions are closely linked to aquatic habitats. Unclear if they are actually require free water, but is highly likely.",Wilson and Mittermeier 2011 Handbook of the Mammals of the World; Wilman et al. 2014 Ecology,,,,,,,,
Antifer ultra,,Extinct before 1500 CE,Mammalia,Cetartiodactyla,Cervidae,,,,,,,,,,,,,
Axis axis,Chital,Extant,Mammalia,Cetartiodactyla,Cervidae,,,,,,,,,,,,,
Axis calamianensis,Calamian Deer,Extant,Mammalia,Cetartiodactyla,Cervidae,,,,,,,,,,,,,
Axis kuhlii,Bawean Deer,Extant,Mammalia,Cetartiodactyla,Cervidae,,,,,,,,,,,,,
Axis porcinus,Hog Deer,Extant,Mammalia,Cetartiodactyla,Cervidae,,,,,,,,,,,,,
Blastocerus dichotomus,Marsh Deer,Extant,Mammalia,Cetartiodactyla,Cervidae,High,Inferred from habitat affinities,2,"Unclear if this species requires free water, but it is likely given their functional adaptations for wetland habitats, for which they appear to be obligate users.",Wilson and Mittermeier 2011 Handbook of the Mammals of the World; Pacini and Harper 2008 Tropical stream ecology,,,,,,,,
Candiacervus cretensis,Cretan deer,Extinct before 1500 CE,Mammalia,Cetartiodactyla,Cervidae,,,,,,,,,,,,,
Candiacervus dorothensis,Cretan deer,Extinct before 1500 CE,Mammalia,Cetartiodactyla,Cervidae,,,,,,,,,,,,,
Candiacervus major,Cretan deer,Extinct before 1500 CE,Mammalia,Cetartiodactyla,Cervidae,,,,,,,,,,,,,
Candiacervus rethymnensis,Cretan deer,Extinct before 1500 CE,Mammalia,Cetartiodactyla,Cervidae,,,,,,,,,,,,,
Candiacervus ropalophorus,Cretan deer,Extinct before 1500 CE,Mammalia,Cetartiodactyla,Cervidae,,,,,,,,,,,,,
Candiacervus spII,Cretan deer,Extinct before 1500 CE,Mammalia,Cetartiodactyla,Cervidae,,,,,,,,,,,,,
Capreolus capreolus,European Roe Deer,Extant,Mammalia,Cetartiodactyla,Cervidae,,,,,,,,,,,,,
Capreolus miyakoensis,Miyako island roe deer,Extinct before 1500 CE,Mammalia,Cetartiodactyla,Cervidae,,,,,,,,,,,,,
Capreolus pygargus,Siberian Roe Deer,Extant,Mammalia,Cetartiodactyla,Cervidae,,,,,,,,,,,,,
Cervalces scotti,Elk moose; Stag-moose,Extinct before 1500 CE,Mammalia,Cetartiodactyla,Cervidae,,,,,,,,,,,,,
Cervus albirostris,White-lipped Deer,Extant,Mammalia,Cetartiodactyla,Cervidae,,,,,,,,,,,,,
Cervus astylodon,Ryukyu island deer,Extinct before 1500 CE,Mammalia,Cetartiodactyla,Cervidae,,,,,,,,,,,,,
Cervus canadensis,Wapiti,Extant,Mammalia,Cetartiodactyla,Cervidae,,,,,,,,,,,,,
Cervus elaphus,Red Deer,Extant,Mammalia,Cetartiodactyla,Cervidae,,,,,,,,,,,,,
Cervus nippon,Sika Deer,Extant,Mammalia,Cetartiodactyla,Cervidae,,,,,,,,,,,,,
Dama dama,Common Fallow Deer; European Fallow Deer; Fallow Deer,Extant,Mammalia,Cetartiodactyla,Cervidae,,,,,,,,,,,,,
Dama mesopotamica,Persian Fallow Deer,Extant,Mammalia,Cetartiodactyla,Cervidae,,,,,,,,,,,,,
Dicroceros spA,,Extinct before 1500 CE,Mammalia,Cetartiodactyla,Cervidae,,,,,,,,,,,,,
Elaphodus cephalophus,Tufted Deer,Extant,Mammalia,Cetartiodactyla,Cervidae,High,Inferred from habitat affinities,2,This species' habitat is often associated with water. Inferring free water dependence.,Wilson and Mittermeier 2011 Handbook of the Mammals of the World,,,,,,,,
Elaphurus davidianus,Pere David's Deer,Extant,Mammalia,Cetartiodactyla,Cervidae,High,Inferred from habitat affinities,0,"Inferring free water dependence from habitat affinities. Confidence is low, given low confidence for habitat affinities themselves.",Wilson and Mittermeier 2011 Handbook of the Mammals of the World; Wilman et al. 2014 Ecology; Pacini and Harper 2008 Tropical stream ecology,,,,,,,,
Haploidoceros mediterraneus,,Extinct before 1500 CE,Mammalia,Cetartiodactyla,Cervidae,,,,,,,,,,,,,
Hippocamelus antisensis,Taruca,Extant,Mammalia,Cetartiodactyla,Cervidae,High,Inferred from habitat affinities,2,Closely associated with water points. Inferring free water dependence.,Wilson and Mittermeier 2011 Handbook of the Mammals of the World; Wilman et al. 2014 Ecology,,,,,,,,
Hippocamelus bisulcus,Patagonian Huemul,Extant,Mammalia,Cetartiodactyla,Cervidae,,,,,,,,,,,,,
Hydropotes inermis,Water Deer,Extant,Mammalia,Cetartiodactyla,Cervidae,,,,,,,,,,,,,
Mazama americana,Red Brocket,Extant,Mammalia,Cetartiodactyla,Cervidae,,,,,,,,,,,,,
Mazama bororo,Small Red Brocket,Extant,Mammalia,Cetartiodactyla,Cervidae,,,,,,,,,,,,,
Mazama bricenii,Merida Brocket,Extant,Mammalia,Cetartiodactyla,Cervidae,,,,,,,,,,,,,
Mazama chunyi,Peruvian Dwarf Brocket; Common Dwarf Brocket,Extant,Mammalia,Cetartiodactyla,Cervidae,,,,,,,,,,,,,
Mazama gouazoubira,Gray Brocket,Extant,Mammalia,Cetartiodactyla,Cervidae,,,,,,,,,,,,,
Mazama nana,Brazilian Dwarf Brocket,Extant,Mammalia,Cetartiodactyla,Cervidae,,,,,,,,,,,,,
Mazama nemorivaga,Amazonian Brown Brocket,Extant,Mammalia,Cetartiodactyla,Cervidae,,,,,,,,,,,,,
Mazama pandora,Yucatan Brown Brocket,Extant,Mammalia,Cetartiodactyla,Cervidae,,,,,,,,,,,,,
Mazama rufina,Dwarf Red Brocket,Extant,Mammalia,Cetartiodactyla,Cervidae,,,,,,,,,,,,,
Mazama temama,Central American Red Brocket; Mexican Red Brocket,Extant,Mammalia,Cetartiodactyla,Cervidae,,,,,,,,,,,,,
Megaceroides algericus,,Extinct before 1500 CE,Mammalia,Cetartiodactyla,Cervidae,High,Inferred from habitat affinities,2,"Given this species' almost certain aquatic habitat affinities, we are going to infer free water dependence.",Wilson and Mittermeier 2011 Handbook of the Mammals of the World; Wilman et al. 2014 Ecology; Croitor 2016 Geobios,,,,,,,,
Megaloceros giganteus,Irish elk; Giant deer,Extinct before 1500 CE,Mammalia,Cetartiodactyla,Cervidae,,,,,,,,,,,,,
Morenelaphus brachyceros,,Extinct before 1500 CE,Mammalia,Cetartiodactyla,Cervidae,,,,,,,,,,,,,
Morenelaphus lujanensis,,Extinct before 1500 CE,Mammalia,Cetartiodactyla,Cervidae,,,,,,,,,,,,,
Muntiacus atherodes,Bornean Yellow Muntjac,Extant,Mammalia,Cetartiodactyla,Cervidae,,,,,,,,,,,,,
Muntiacus crinifrons,Black Muntjac,Extant,Mammalia,Cetartiodactyla,Cervidae,,,,,,,,,,,,,
Muntiacus feae,Fea's Muntjac,Extant,Mammalia,Cetartiodactyla,Cervidae,,,,,,,,,,,,,
Muntiacus gongshanensis,Gongshan Muntjac,Extant,Mammalia,Cetartiodactyla,Cervidae,,,,,,,,,,,,,
Muntiacus montanus,Sumatran Mountain Muntjac,Extant,Mammalia,Cetartiodactyla,Cervidae,,,,,,,,,,,,,
Muntiacus muntjak,Southern Red Muntjac,Extant,Mammalia,Cetartiodactyla,Cervidae,,,,,,,,,,,,,
Muntiacus putaoensis,Leaf Muntjac,Extant,Mammalia,Cetartiodactyla,Cervidae,,,,,,,,,,,,,
Muntiacus reevesi,Reeves' Muntjac,Extant,Mammalia,Cetartiodactyla,Cervidae,,,,,,,,,,,,,
Muntiacus rooseveltorum,Roosevelts' Muntjac,Extant,Mammalia,Cetartiodactyla,Cervidae,,,,,,,,,,,,,
Muntiacus truongsonensis,Annamite Muntjac,Extant,Mammalia,Cetartiodactyla,Cervidae,,,,,,,,,,,,,
Muntiacus vaginalis,Northern Red Muntjac,Extant,Mammalia,Cetartiodactyla,Cervidae,,,,,,,,,,,,,
Muntiacus vuquangensis,Large-antlered Muntjac,Extant,Mammalia,Cetartiodactyla,Cervidae,,,,,,,,,,,,,
Navahoceros fricki,American mountain deer,Extinct before 1500 CE,Mammalia,Cetartiodactyla,Cervidae,,,,,,,,,,,,,
Odocoileus hemionus,Mule Deer,Extant,Mammalia,Cetartiodactyla,Cervidae,Low,Observed water usage,3,"Female mule deer water nightly during the summer in Arizona, consuming 5.1 liters per visit. Males do not predictably drink water. During cooler months, females visit water less frequently.",Hervert and Krausman 1986 The Journal of Wildlife Management,,,,,,,,
Odocoileus virginianus,White-tailed Deer,Extant,Mammalia,Cetartiodactyla,Cervidae,,,,,,,,,,,,,
Ozotoceros bezoarticus,Pampas Deer,Extant,Mammalia,Cetartiodactyla,Cervidae,,,,,,,,,,,,,
Paraceros fragilis,,Extinct before 1500 CE,Mammalia,Cetartiodactyla,Cervidae,,,,,,,,,,,,,
Praemegaceros cazioti,,Extinct before 1500 CE,Mammalia,Cetartiodactyla,Cervidae,,,,,,,,,,,,,
Rangifer tarandus,Caribou; Reindeer,Extant,Mammalia,Cetartiodactyla,Cervidae,,,,,,,,,,,,,
Rucervus duvaucelii,Barasingha,Extant,Mammalia,Cetartiodactyla,Cervidae,High,Inferred from habitat affinities,2,"Given this species' semi-aquatic habits, it almost certainly free water depdent.",Wilson and Mittermeier 2011 Handbook of the Mammals of the World,,,,,,,,
Rucervus eldii,Brow-antlered Deer,Extant,Mammalia,Cetartiodactyla,Cervidae,,,,,,,,,,,,,
Rucervus schomburgki,Schomburgk's Deer,Extinct after 1500 CE,Mammalia,Cetartiodactyla,Cervidae,,,,,,,,,,,,,
Rusa alfredi,Philippine Spotted Deer,Extant,Mammalia,Cetartiodactyla,Cervidae,,,,,,,,,,,,,
Rusa marianna,Philippine Deer,Extant,Mammalia,Cetartiodactyla,Cervidae,,,,,,,,,,,,,
Rusa timorensis,Javan Deer,Extant,Mammalia,Cetartiodactyla,Cervidae,,,,,,,,,,,,,
Rusa unicolor,Sambar,Extant,Mammalia,Cetartiodactyla,Cervidae,,,,,,,,,,,,,
Sangamona fugitiva,Fugitive Deer,Extinct before 1500 CE,Mammalia,Cetartiodactyla,Cervidae,,,,,,,,,,,,,
Sinomegaceros ordosianus,Giant Chinese Elk,Extinct before 1500 CE,Mammalia,Cetartiodactyla,Cervidae,,,,,,,,,,,,,
Sinomegaceros yabei,Giant Japanese Elk,Extinct before 1500 CE,Mammalia,Cetartiodactyla,Cervidae,,,,,,,,,,,,,
Giraffa camelopardalis,Giraffe,Extant,Mammalia,Cetartiodactyla,Giraffidae,Low,Observed water usage,3,"Giraffes can survive without drinking surface water, but will drink if available.",Hempson et al. 2015 Science; Kingdon et al. 2013 Mammals of Africa; Wilson and Mittermeier 2011 Handbook of the Mammals of the World,,,,,,,,
Okapia johnstoni,Okapi,Extant,Mammalia,Cetartiodactyla,Giraffidae,,,,,,,,,,,,,
Choeropsis liberiensis,Pygmy Hippopotamus,Extant,Mammalia,Cetartiodactyla,Hippopotamidae,High,Inferred from habitat affinities,2,"Inferring free water dependence from habitat affinities. Confidence is low, given low confidence for habitat affinities themselves.",Wilson and Mittermeier 2011 Handbook of the Mammals of the World; Wilman et al. 2014 Ecology,,,,,,,,
Hexaprotodon sivalensis,Asian Hippopotamus,Extinct before 1500 CE,Mammalia,Cetartiodactyla,Hippopotamidae,High,Inferred from habitat affinity,2,This species likely had a similar habit as H. amphibius and was thus likely free water dependent.,"Wilson and Mittermeier 2011 Handbook of the Mammals of the World; Wilman et al. 2014 Ecology; Takai et al. 2011 Palaeogeography, Palaeoclimatology, Palaeoecology",,,,,,,,
Hippopotamus amphibius,Common Hippopotamus,Extant,Mammalia,Cetartiodactyla,Hippopotamidae,High,Observed water usage,3,Obligate water user.,Hempson et al. 2015 Science; Kingdon et al. 2013 Mammals of Africa; Wilson and Mittermeier 2011 Handbook of the Mammals of the World,,,,,,,,
Hippopotamus lemerlei,Madagascan Dwarf Hippopotamus; Malagasy Hippo,Extinct after 1500 CE,Mammalia,Cetartiodactyla,Hippopotamidae,High,Inferred from habitat affinity,2,"These extinct hippos were almost certainly free water dependent, given their aquatic habitat affinities.",Stuenes 1989 Journal of Vertebrate Paleontology,,,,,,,,
Hippopotamus madagascariensis,Madagascan Dwarf Hippopotamus,Extinct after 1500 CE,Mammalia,Cetartiodactyla,Hippopotamidae,High,Inferred from habitat affinity,2,"These extinct hippos were almost certainly free water dependent, given their aquatic habitat affinities.",Wilson and Mittermeier 2011 Handbook of the Mammals of the World; Wilman et al. 2014 Ecology; Stuenes 1989 Journal of Vertebrate Paleontology,,,,,,,,
Phanourios minutes,Cyprus Dwarf Hippopotamus,Extinct before 1500 CE,Mammalia,Cetartiodactyla,Hippopotamidae,,,,,,,,,,,,,
Moschus chrysogaster,Alpine Musk Deer,Extant,Mammalia,Cetartiodactyla,Moschidae,,,,,,,,,,,,,
Moschus cupreus,Kashmir Muskdeer,Extant,Mammalia,Cetartiodactyla,Moschidae,,,,,,,,,,,,,
Moschus fuscus,Black Musk Deer,Extant,Mammalia,Cetartiodactyla,Moschidae,,,,,,,,,,,,,
Moschus leucogaster,Himalayan Muskdeer,Extant,Mammalia,Cetartiodactyla,Moschidae,,,,,,,,,,,,,
Moschus moschiferus,Siberian Musk Deer,Extant,Mammalia,Cetartiodactyla,Moschidae,,,,,,,,,,,,,
Babyrousa babyrussa,Hairy Babirusa,Extant,Mammalia,Cetartiodactyla,Suidae,,,,,,,,,,,,,
Babyrousa celebensis,Sulawesi Babirusa,Extant,Mammalia,Cetartiodactyla,Suidae,,,,,,,,,1,Observed digging,3,,Wilson and Mittermeier 2011 Handbook of the Mammals of the World
Babyrousa togeanensis,Togian Islands Babirusa,Extant,Mammalia,Cetartiodactyla,Suidae,High,Inferred from habitat affinities,2,"Closely associated with aquatic environments, but actual water requirements unclear (likely irrelevant given their habitat)",Wilson and Mittermeier 2011 Handbook of the Mammals of the World,,,,1,Observed digging,3,,Wilson and Mittermeier 2011 Handbook of the Mammals of the World
Hylochoerus meinertzhageni,Forest Hog,Extant,Mammalia,Cetartiodactyla,Suidae,,,,,,,,,,,,,
Kolpochoerus majus,,Extinct before 1500 CE,Mammalia,Cetartiodactyla,Suidae,,,,,,,,,1,Functional morphology,3,This extinct species probably rooted significantly (Souron et al. 2015),Souron et al. 2015 Acta Palaeontologica Polonica
Metridiochoerus compactus,Giant Warthog,Extinct before 1500 CE,Mammalia,Cetartiodactyla,Suidae,,,,,,,,,,,,,
Phacochoerus aethiopicus,Desert Warthog,Extant,Mammalia,Cetartiodactyla,Suidae,Low,Inferred from habitat affinities,2,This species is more desert adapted than the common warthog. Their habitat is usually within range of water sources. Describing this species as intermediate in its water independence.,Wilson and Mittermeier 2011 Handbook of the Mammals of the World; Kingdon et al. 2013 Mammals of Africa,,,,1,Observed digging,3,,Wilson and Mittermeier 2011 Handbook of the Mammals of the World
Phacochoerus africanus,Common Warthog,Extant,Mammalia,Cetartiodactyla,Suidae,High,Observed water usage,3,"The more mesic warthog species, with strong surface wate requirements.",Hempson et al. 2015 Science; Kingdon et al. 2013 Mammals of Africa; Wilson and Mittermeier 2011 Handbook of the Mammals of the World,,,,1,Observed digging,3,,Wilson and Mittermeier 2011 Handbook of the Mammals of the World
Potamochoerus larvatus,Bushpig,Extant,Mammalia,Cetartiodactyla,Suidae,Low,Observed water usage,3,,Hempson et al. 2015 Science; Kingdon et al. 2013 Mammals of Africa; Wilson and Mittermeier 2011 Handbook of the Mammals of the World,,,,1,Observed digging,3,,Wilson and Mittermeier 2011 Handbook of the Mammals of the World
Potamochoerus porcus,Red River Hog,Extant,Mammalia,Cetartiodactyla,Suidae,,,,,,,,,1,Observed digging,3,,Wilson and Mittermeier 2011 Handbook of the Mammals of the World
Sus ahoenobarbus,Palawan Bearded Pig,Extant,Mammalia,Cetartiodactyla,Suidae,,,,,,,,,1,Observed digging,3,,Wilson and Mittermeier 2011 Handbook of the Mammals of the World
Sus barbatus,Bearded Pig,Extant,Mammalia,Cetartiodactyla,Suidae,,,,,,,,,1,Observed digging,3,,Wilson and Mittermeier 2011 Handbook of the Mammals of the World
Sus brachgnathus,,Extinct before 1500 CE,Mammalia,Cetartiodactyla,Suidae,,,,,,,,,,,,,
Sus cebifrons,Visayan Warty Pig,Extant,Mammalia,Cetartiodactyla,Suidae,,,,,,,,,1,Observed digging,3,,Wilson and Mittermeier 2011 Handbook of the Mammals of the World
Sus celebensis,Sulawesi Warty Pig,Extant,Mammalia,Cetartiodactyla,Suidae,,,,,,,,,1,Observed digging,3,,1B
Sus oliveri,Oliver's Warty Pig,Extant,Mammalia,Cetartiodactyla,Suidae,,,,,,,,,1,Observed digging,3,,Inferred from extant relatives
Sus philippensis,Philippine Warty Pig,Extant,Mammalia,Cetartiodactyla,Suidae,,,,,,,,,1,Observed digging,3,,Inferred from extant relatives
Sus scrofa,Wild Boar,Extant,Mammalia,Cetartiodactyla,Suidae,,,,,,,,,1,Observed digging,3,,Wilson and Mittermeier 2011 Handbook of the Mammals of the World
Sus verrucosus,Javan Warty Pig,Extant,Mammalia,Cetartiodactyla,Suidae,,,,,,,,,1,Observed digging,3,,Wilson and Mittermeier 2011 Handbook of the Mammals of the World
Catagonus stenocephalus,,Extinct before 1500 CE,Mammalia,Cetartiodactyla,Tayassuidae,,,,,,,,,1,Inferred from extant relatives,0,"Extinct peccaries, like extant ones, have the morphology to have rooted just like modern Suids.",
Catagonus wagneri,Chacoan Peccary,Extant,Mammalia,Cetartiodactyla,Tayassuidae,,,,,,,,,1,Observed digging,3,,
Muknalia minima,,Extinct before 1500 CE,Mammalia,Cetartiodactyla,Tayassuidae,,,,,,,,,1,Inferred from extant relatives,0,"Extinct peccaries, like extant ones, have the morphology to have rooted just like modern Suids.",
Mylohyus nasutus,Long-nosed Peccary,Extinct before 1500 CE,Mammalia,Cetartiodactyla,Tayassuidae,,,,,,,,,1,Inferred from extant relatives,0,"Extinct peccaries, like extant ones, have the morphology to have rooted just like modern Suids.",
Pecari tajacu,Collared Peccary,Extant,Mammalia,Cetartiodactyla,Tayassuidae,,,,,,,,,1,Observed digging,3,,Wilson and Mittermeier 2011 Handbook of the Mammals of the World
Platygonus compressus,Flat-headed Peccary,Extinct before 1500 CE,Mammalia,Cetartiodactyla,Tayassuidae,,,,,,,,,1,Inferred from extant relatives,0,"Extinct peccaries, like extant ones, have the morphology to have rooted just like modern Suids.",
Tayassu pecari,White-lipped Peccary,Extant,Mammalia,Cetartiodactyla,Tayassuidae,,,,,,,,,1,Observed digging,3,,Wilson and Mittermeier 2011 Handbook of the Mammals of the World
Hyemoschus aquaticus,Water Chevrotain,Extant,Mammalia,Cetartiodactyla,Tragulidae,None,Observed water usage,3,"Closely associated with water and wetlands, but not obligately. However, described by Hempson et al (from Kingdon and Wilson and Mittermeier) as free water independent.",Hempson et al. 2015 Science; Kingdon et al. 2013 Mammals of Africa; Wilson and Mittermeier 2011 Handbook of the Mammals of the World,,,,,,,,
Dasypus bellus,Beautiful Armadillo,Extinct before 1500 CE,Mammalia,Cingulata,CingulataFam,,,,,,1,,1,,Inferred from extant relatives; Functional morphology,1,,Lopes et al. 2016 Ichnos
Doedicurus clavicaudatus,,Extinct before 1500 CE,Mammalia,Cingulata,CingulataFam,High,Inferred from habitat affinities,0,"Inferring free water dependence from habitat affinities. Confidence is low, given low confidence for habitat affinities themselves.",Bocherens et al. 2017 Gondwana Research,,,,,,,,
Eutatus seguini,,Extinct before 1500 CE,Mammalia,Cingulata,CingulataFam,,,,,,1,,1,,Functional morphology,1,,Lopes et al. 2016 Ichnos
Glyptodon clavipes,,Extinct before 1500 CE,Mammalia,Cingulata,CingulataFam,High,Inferred from habitat affinities,0,"Inferring free water dependence from habitat affinities. Confidence is low, given low confidence for habitat affinities themselves.",Bocherens et al. 2017 Gondwana Research,,,,,,,,
Glyptodon reticulatus,,Extinct before 1500 CE,Mammalia,Cingulata,CingulataFam,High,Inferred from habitat affinities,0,"Inferring free water dependence from habitat affinities. Confidence is low, given low confidence for habitat affinities themselves.",Bocherens et al. 2017 Gondwana Research,,,,,,,,
Glyptotherium cylindricum,,Extinct before 1500 CE,Mammalia,Cingulata,CingulataFam,High,Inferred from habitat affinities,0,"Inferring free water dependence from habitat affinities. Confidence is low, given low confidence for habitat affinities themselves.",Gillette and Ray 1981 Glyptodonts of North America; Farina 2005 Mastozoologia Neotropical,,,,,,,,
Glyptotherium floridanum,,Extinct before 1500 CE,Mammalia,Cingulata,CingulataFam,High,Inferred from habitat affinities,0,"Inferring free water dependence from habitat affinities. Confidence is low, given low confidence for habitat affinities themselves.",Gillette and Ray 1981 Glyptodonts of North America; Farina 2005 Mastozoologia Neotropical,,,,,,,,
Holmesina occidentalis,,Extinct before 1500 CE,Mammalia,Cingulata,CingulataFam,,,,,,1,,1,,Functional morphology,1,,Lopes et al. 2016 Ichnos
Holmesina paulacoutoi,,Extinct before 1500 CE,Mammalia,Cingulata,CingulataFam,,,,,,1,,1,,Functional morphology,1,,Lopes et al. 2016 Ichnos
Holmesina septentrionalis,,Extinct before 1500 CE,Mammalia,Cingulata,CingulataFam,,,,,,1,,1,,Functional morphology,1,,Lopes et al. 2016 Ichnos
Hoplophorus euphractus,,Extinct before 1500 CE,Mammalia,Cingulata,CingulataFam,,,,,,,,,,,,,
Neosclerocalyptus paskoenis,,Extinct before 1500 CE,Mammalia,Cingulata,CingulataFam,,,,,,,,,,,,,
Neuryurus trabeculatus,,Extinct before 1500 CE,Mammalia,Cingulata,CingulataFam,,,,,,,,,,,,,
Pampatherium humboldti,,Extinct before 1500 CE,Mammalia,Cingulata,CingulataFam,,,,,,1,,1,,Functional morphology,1,,Lopes et al. 2016 Ichnos
Pampatherium typum,,Extinct before 1500 CE,Mammalia,Cingulata,CingulataFam,,,,,,1,,1,,Functional morphology,1,,Lopes et al. 2016 Ichnos
Panochthus tuberculatus,,Extinct before 1500 CE,Mammalia,Cingulata,CingulataFam,,,,,,,,,,,,,
Diprotodon optatum,Diprotodon,Extinct before 1500 CE,Mammalia,Diprotodontia,Diprotodontidae,,,,,,,,,,,,,
Maokopia ronaldi,,Extinct before 1500 CE,Mammalia,Diprotodontia,Diprotodontidae,,,,,,,,,,,,,
Zygomaturus trilobus,,Extinct before 1500 CE,Mammalia,Diprotodontia,Diprotodontidae,High,Inferred from habitat affinities,0,"No empirical evidence, but given the likely aquatic habits of this species, they were most likely free water dependent.",NA,,,,1,Expert Opinion,0,"This species was recorded as rooting like pigs, but there seems to have been a scholarship error in recording the proper source. Consider this designation suspect.",DeSantis et al. 2017
Dendrolagus bennettianus,Bennett's Tree Kangaroo,Extant,Mammalia,Diprotodontia,Macropodidae,,,,,,,,,,,,,
Dendrolagus dorianus,Doria's Tree Kangaroo,Extant,Mammalia,Diprotodontia,Macropodidae,,,,,,,,,,,,,
Dendrolagus inustus,Grizzled Tree Kangaroo,Extant,Mammalia,Diprotodontia,Macropodidae,,,,,,,,,,,,,
Dendrolagus scottae,Tenkile,Extant,Mammalia,Diprotodontia,Macropodidae,,,,,,,,,,,,,
Dendrolagus ursinus,Vogelkop Tree Kangaroo,Extant,Mammalia,Diprotodontia,Macropodidae,,,,,,,,,,,,,
Macropus agilis,Agile Wallaby,Extant,Mammalia,Diprotodontia,Macropodidae,,,,"Exact water requirements are unclear. They do dig shallow wells to groundwater, suggesting that they aren't completely free water independent.",,1,1,,,Observed digging,3,"Agile wallabies dig shallow wells to ground water (~20 cm), apparently to avoid crocodile predation on river banks.",Doody et al. 2007 Ethology
Macropus antilopinus,Antilopine Wallaroo,Extant,Mammalia,Diprotodontia,Macropodidae,High,Observed water usage,3,This species requires free water.,Wilson and Mittermeier 2015 Handbook of the Mammals of the World,,,,,,,,
Macropus bernardus,Black Wallaroo,Extant,Mammalia,Diprotodontia,Macropodidae,,,,,,,,,,,,,
Macropus dorsalis,Black-striped Wallaby,Extant,Mammalia,Diprotodontia,Macropodidae,,,,,,,,,,,,,
Macropus ferragus,,Extinct before 1500 CE,Mammalia,Diprotodontia,Macropodidae,,,,,,,,,,,,,
Macropus fuliginosus,Western Gray Kangaroo,Extant,Mammalia,Diprotodontia,Macropodidae,High,Inferred from habitat affinities,2,Habitat is generally in close proximity to surface water. Inferring free water dependence.,Wilson and Mittermeier 2015 Handbook of the Mammals of the World,,,,,,,,
Macropus giganteus,Eastern Grey Kangaroo,Extant,Mammalia,Diprotodontia,Macropodidae,,,,,,,,,,,,,
Macropus greyi,Toolache Wallaby,Extinct after 1500 CE,Mammalia,Diprotodontia,Macropodidae,,,,,,,,,,,,,
Macropus parryi,Whiptail Wallaby,Extant,Mammalia,Diprotodontia,Macropodidae,High,Observed low sample size (1-5) water usage,1,"This species is mostly free-water independent, except during severe drought.",Wilson and Mittermeier 2015 Handbook of the Mammals of the World,,,,,,,,
Macropus pearsoni,,Extinct before 1500 CE,Mammalia,Diprotodontia,Macropodidae,,,,,,,,,,,,,
Macropus robustus,Common Wallaroo,Extant,Mammalia,Diprotodontia,Macropodidae,Low,Observed water use,3,"Although largely free-water independent, wallaroos are described as digging wells to groundwater in creek beds.",Wilson and Mittermeier 2015 Handbook of the Mammals of the World,,1,,,Observed digging,3,"Wallaroos dig wells to ground water, but nothing is known except for one photo in the Handbook of the Mammals of the World. The well looks ~20 cm in depth.",Wilson and Mittermeier 2011 Handbook of the Mammals of the World
Macropus rufogriseus,Red-necked Wallaby,Extant,Mammalia,Diprotodontia,Macropodidae,,,,,,,,,,,,,
Macropus rufus,Red Kangaroo,Extant,Mammalia,Diprotodontia,Macropodidae,Low,Observed water,3,"Red kangaroos can go days without drinking water, but ultimately do require it.",Wilson and Mittermeier 2015 Handbook of the Mammals of the World,,,,,,,,
Metasthenurus newtonae,Short-faced Kangaroo,Extinct before 1500 CE,Mammalia,Diprotodontia,Macropodidae,,,,,,,,,,,,,
Procoptodon browneorum,Giant Short-faced Kangaroo,Extinct before 1500 CE,Mammalia,Diprotodontia,Macropodidae,,,,,,,,,,,,,
Procoptodon gilli,Giant Short-faced Kangaroo,Extinct before 1500 CE,Mammalia,Diprotodontia,Macropodidae,,,,,,,,,,,,,
Procoptodon goliah,Giant Short-faced Kangaroo,Extinct before 1500 CE,Mammalia,Diprotodontia,Macropodidae,High,Inferred from diet; Proxy isotopes (O18),2,"Prideaux et al. 2009 presented compelling evidence that this kangaroo was a chenopod specialist. Chenopods have high sodium concentrations, requiring either specialized adaptations for reabsorbing water or increased reliance on free water. Oxygen isotopes (which vary between leaf-water and free water)  indicate that this species indeed was significantly more free water dependent than extant, arid-adapted kangaroos. Prideaux suggests that their hoofed morphology made them highly mobile to track ephemeral and intermittent water sources across their arid habitat.",Prideaux et al. 2009 PNAS,,,,,,,,
Procoptodon oreas,Giant Short-faced Kangaroo,Extinct before 1500 CE,Mammalia,Diprotodontia,Macropodidae,,,,,,,,,,,,,
Procoptodon rapha,Giant Short-faced Kangaroo,Extinct before 1500 CE,Mammalia,Diprotodontia,Macropodidae,,,,,,,,,,,,,
Protemnodon anak,Giant forest wallaby,Extinct before 1500 CE,Mammalia,Diprotodontia,Macropodidae,,,,,,,,,,,,,
Protemnodon brehus,Giant forest wallaby,Extinct before 1500 CE,Mammalia,Diprotodontia,Macropodidae,,,,,,,,,,,,,
Protemnodon hopei,Giant forest wallaby,Extinct before 1500 CE,Mammalia,Diprotodontia,Macropodidae,,,,,,,,,,,,,
Protemnodon nombe,Giant forest wallaby,Extinct before 1500 CE,Mammalia,Diprotodontia,Macropodidae,,,,,,,,,,,,,
Protemnodon roechus,Giant forest wallaby,Extinct before 1500 CE,Mammalia,Diprotodontia,Macropodidae,,,,,,,,,,,,,
Protemnodon tumbuna,Giant forest wallaby,Extinct before 1500 CE,Mammalia,Diprotodontia,Macropodidae,,,,,,,,,,,,,
Simosthenurus maddocki,Short-faced Kangaroo,Extinct before 1500 CE,Mammalia,Diprotodontia,Macropodidae,,,,,,,,,,,,,
Simosthenurus occidentalis,Short-faced Kangaroo,Extinct before 1500 CE,Mammalia,Diprotodontia,Macropodidae,,,,,,,,,,,,,
Simosthenurus pales,Short-faced Kangaroo,Extinct before 1500 CE,Mammalia,Diprotodontia,Macropodidae,,,,,,,,,,,,,
Sthenurus andersoni,Strong-tailed Kangaroo,Extinct before 1500 CE,Mammalia,Diprotodontia,Macropodidae,,,,,,,,,,,,,
Sthenurus atlas,Strong-tailed Kangaroo,Extinct before 1500 CE,Mammalia,Diprotodontia,Macropodidae,,,,,,,,,,,,,
Sthenurus stirlingi,Strong-tailed Kangaroo,Extinct before 1500 CE,Mammalia,Diprotodontia,Macropodidae,,,,,,,,,,,,,
Sthenurus tindalei,Strong-tailed Kangaroo,Extinct before 1500 CE,Mammalia,Diprotodontia,Macropodidae,,,,,,,,,,,,,
Troposodon minor,,Extinct before 1500 CE,Mammalia,Diprotodontia,Macropodidae,,,,,,,,,,,,,
Wallabia bicolor,Swamp Wallaby,Extant,Mammalia,Diprotodontia,Macropodidae,,,,,,,,,,,,,
Wallabia kitcheneri,,Extinct before 1500 CE,Mammalia,Diprotodontia,Macropodidae,,,,,,,,,,,,,
Palorchestes azeal,Marsupial Tapir,Extinct before 1500 CE,Mammalia,Diprotodontia,Palorchestidae,,,,,,,,,,,,,
Ailurops ursinus,Bear Cuscus,Extant,Mammalia,Diprotodontia,Phalangeridae,,,,,,,,,,,,,
Phascolarctos cinereus,Koala,Extant,Mammalia,Diprotodontia,Phascolarctidae,,,,,,,,,,,,,
Borungaboodie hatcheri,,Extinct before 1500 CE,Mammalia,Diprotodontia,Potoroidae,,,,,,,,,,,,,
Lasiorhinus krefftii,Northern Hairy-nosed Wombat,Extant,Mammalia,Diprotodontia,Vombatidae,None,Observed foraging,3,These wombats have the driest dung of almost any mammal. Almost entirely free water independent.,Wilson and Mittermeier 2015 Handbook of the Mammals of the World,1,,1,,Observed digging,3,,Wilson and Mittermier 2013 Handbook of the Mammals of the World
Lasiorhinus latifrons,Southern Hairy-nosed Wombat,Extant,Mammalia,Diprotodontia,Vombatidae,None,Observed foraging,3,These wombats have the driest dung of almost any mammal. Almost entirely free water independent.,Wilson and Mittermeier 2015 Handbook of the Mammals of the World,1,,1,,Observed digging,3,,Wilson and Mittermier 2013 Handbook of the Mammals of the World
Phascolonus gigas,Giant Wombat,Extinct before 1500 CE,Mammalia,Diprotodontia,Vombatidae,,,,,,1,,0,,Functional morphology,1,"Dawson 2006 claims that these giant wombats dug burrows or trenches. However, Woolnough and Steel 2001 analyzed the morphometrics of wombats and concluded that burrowing would have been very unlikely at this body size. Instead, they suggest they were probably scratch-diggers exclusively.",Dawson 2006 Alcheringa; Woolnough and Steele 2001 Mammal Review
Vombatus hacketti,Hackett's Wombat,Extinct before 1500 CE,Mammalia,Diprotodontia,Vombatidae,None,Inferred from habitat affinities; Inferred from extant relatives,0,"This species survived an extreme aridification event in the SW Australia. Likewise, its relatives (the hairy nosed wombats) are extremely free water independent. We think it is safe to infer free water independence for this extinct taxa.",Johnson and Prideaux 2004 Austral Ecology; Prideaux et al. 2010 PNAS; Jankowski et al. 2016 Journal of Quaternary Science,1,,1,,Functional morphology,1,This species was small enough to probably burrow like its extant relatives.,Woolnough and Steele 2001 Mammal Review
Vombatus ursinus,Common Wombat,Extant,Mammalia,Diprotodontia,Vombatidae,Low,Observed water use,2,"Unclear exactly how to rank this species. They are described as less surface water dependent than the hairy nosed wombats, which are arid-zone denizens. Ranking as 'Low'.",Wilson and Mittermeier 2015 Handbook of the Mammals of the World,1,1,1,,Observed digging,3,"Wombats are consummate diggers, and have also been recorded digging a ~4m deep well to groundwater (on one occasion).",Wilson and Mittermier 2013 Handbook of the Mammals of the World; Millington 2020 ABC
Warendja wakefieldi,Warendja,Extinct before 1500 CE,Mammalia,Diprotodontia,Vombatidae,,,,,,1,,0,,Functional morphology,1,Lacks the morphology for effective burrowing (Woolnough and Steele 2001),Woolnough and Steele 2001 Mammal Review
Macrauchenia patachonica,Macrauchenia,Extinct before 1500 CE,Mammalia,Litopterna,Macrauchenidae,,,,,,,,,,,,,
Xenorhinotherium bahiense,Xenorhinotherium,Extinct before 1500 CE,Mammalia,Litopterna,Macrauchenidae,NA,NA,NA,"Isotopic data indicate a habitat of hot, dry, open environments. This suggests the possibility of free water independence. Not confident enough to assign a trait value.",Lobo 2015 Thesis; de Oliveira et al. 2020 Quaternary Science Reviews,,,,,,,,
Neolicaphrium recens,,Extinct before 1500 CE,Mammalia,Litopterna,Proterotheriidae,,,,,,,,,,,,,
Mixotoxodon larensis,Mixotoxodon,Extinct before 1500 CE,Mammalia,Notoungulata,Toxodontidae,,,,,,,,,,,,,
Toxodon platensis,Toxodon,Extinct before 1500 CE,Mammalia,Notoungulata,Toxodontidae,,,,,,,,,,,,,
Trigonodops lopesi,,Extinct before 1500 CE,Mammalia,Notoungulata,Toxodontidae,High,Inferred from habitat affinities,0,"No empirical evidence, but given the likely aquatic habits of this species, they were most likely free water dependent.",NA,,,,,,,,
Equus africanus,African Wild Ass,Extant,Mammalia,Perissodactyla,Equidae,Low,Observed water usage,3,"African asses and donkeys are highly free water independent, but  require daily drinking water during high temperatures, especially if lactating. Donkeys can survive up to a 30% loss in bodyweight from water loss, and can survive 12 days without water. Incredibly, they are able to drink enough water in (24-30L) in 2-5 minutes to restore this deficit.",Hempson et al. 2015 Science; Kingdon et al. 2013 Mammals of Africa; Wilson and Mittermeier 2011 Handbook of the Mammals of the World; Hampson et al. 2010 Equine Veternary Journal,,1,,,Inferred from relative (conspecific),1,Introduced donkeys dig up to 1.5m to reach groundwater.,
Equus africanus asinus,Donkey,Extant,Mammalia,Perissodactyla,Equidae,Low,Observed water usage,3,"Donkeys, like African asses, are highly free water independent, but  require daily drinking water during high temperatures, especially if lactating. Donkeys can survive up to a 30% loss in bodyweight from water loss, and can survive 12 days without water. Incredibly, they are able to drink enough water in (24-30L) in 2-5 minutes to restore this deficit.",Hempson et al. 2015 Science; Kingdon et al. 2013 Mammals of Africa; Wilson and Mittermeier 2011 Handbook of the Mammals of the World; Hampson et al. 2010 Equine Veternary Journal,,,,,Observed digging,3,Introduced donkeys dig up to 1.5m to reach groundwater.,Lundgren et al. 2018 Ecography
Equus ferus,Wild horse,Extant,Mammalia,Perissodactyla,Equidae,High,Observed water usage,3,"Horses are less arid adapted than asses, usually requiring daily water intake. However, desert dwelling horses appear capable of adapting to aridity: central Australian feral horses travelled from foraging grounds to water points as infrequently as every 4 days.",Hampson et al. 2010 Equine Veternary Journal,,1,,,Inferred from relative (conspecific),1,Introduced horses dig up to 1.5 m to groundwater.,Lundgren et al. 2020 In Review
Equus ferus caballus,Horse,Extant,Mammalia,Perissodactyla,Equidae,High,Observed water usage,3,"Horses are less arid adapted than asses, usually requiring daily water intake. However, desert dwelling horses appear capable of adapting to aridity: central Australian feral horses travelled from foraging grounds to water points as infrequently as every 4 days.",Hampson et al. 2010 Equine Veternary Journal,,1,,,Observed digging,3,Introduced horses dig up to 1.5 m to groundwater.,Lundgren et al. 2020 In Review
Equus francisci,Haringtonhippus,Extinct before 1500 CE,Mammalia,Perissodactyla,Equidae,,,,,,,,,,,,,
Equus grevyi,Grevy's Zebra,Extant,Mammalia,Perissodactyla,Equidae,Low,Observed water usage,3,,Hempson et al. 2015 Science; Kingdon et al. 2013 Mammals of Africa; Wilson and Mittermeier 2011 Handbook of the Mammals of the World,,1,,,Observed digging,3,Grevy's zebras have been described digging in drying streams in East Africa. Their wells become used by livestock and other wildlife.,J.L. Lekenit personal comm
Equus hemionus,Asiatic Wild Ass,Extant,Mammalia,Perissodactyla,Equidae,Low,Observed water usage,3,"Payne et al. 2020 found that Asiatic wild ass visit water sources every 1.5-2.2 days during the hot season, and every 2.2-3.8 days during the cool season. In areas with human presence they visited waters at night, but in remote areas without humans, they visited any time of day. During the winter, if there was sufficient snow, they could go long periods of time without drinking water.",Payne et al. 2020 Scientific Reports,,1,,,Observed digging,3,"Asiatic asses dig wells to groundwater, generally around 50cm in depth, but probably also to 1.5m in depth like donkeys.",P. Kaczensky personal communication; Payne et al. 2020 Scientific reports
Equus hydruntinus,European Wild Ass,Extinct before 1500 CE,Mammalia,Perissodactyla,Equidae,,,,,,,,,,,,,
Equus kiang,Kiang,Extant,Mammalia,Perissodactyla,Equidae,,,,,,,,,,,,,
Equus ovodovi,,Extinct before 1500 CE,Mammalia,Perissodactyla,Equidae,,,,,,,,,,,,,
Equus quagga,Plains Zebra,Extant,Mammalia,Perissodactyla,Equidae,High,Observed water usage,3,,Hempson et al. 2015 Science; Kingdon et al. 2013 Mammals of Africa; Wilson and Mittermeier 2011 Handbook of the Mammals of the World,,,,,,,,
Equus zebra,Mountain Zebra,Extant,Mammalia,Perissodactyla,Equidae,High,Observed water usage,3,,Hempson et al. 2015 Science; Kingdon et al. 2013 Mammals of Africa; Wilson and Mittermeier 2011 Handbook of the Mammals of the World,,,,,,,,
Hippidion devillei,,Extinct before 1500 CE,Mammalia,Perissodactyla,Equidae,,,,,,,,,,,,,
Hippidion principale,,Extinct before 1500 CE,Mammalia,Perissodactyla,Equidae,,,,,,,,,,,,,
Ceratotherium simum,White Rhinoceros,Extant,Mammalia,Perissodactyla,Rhinocerotidae,,,,,,,,,,,,,
Coelodonta antiquitatis,Wooly Rhinoceros,Extinct before 1500 CE,Mammalia,Perissodactyla,Rhinocerotidae,,,,,,,,,,,,,
Dicerorhinus sumatrensis,Sumatran Rhinoceros,Extant,Mammalia,Perissodactyla,Rhinocerotidae,High,Inferred from habitat affinities,2,Inferring free water dependence from habitat affinities,Wilson and Mittermeier 2011 Handbook of the Mammals of the World; Wilman et al. 2014 Ecology,,,,,,,,
Diceros bicornis,Black Rhinoceros,Extant,Mammalia,Perissodactyla,Rhinocerotidae,High,Observed water usage,3,"This species is free water dependent, but can go up to 5 days without drinking waterif dispersing.",Hempson et al. 2015 Science; Kingdon et al. 2013 Mammals of Africa; Wilson and Mittermeier 2011 Handbook of the Mammals of the World,,,,,,,,
Elasmotherium sibiricum,Siberian unicorn,Extinct before 1500 CE,Mammalia,Perissodactyla,Rhinocerotidae,,,,,,,,,,,,,
Rhinoceros sondaicus,Javan Rhinoceros,Extant,Mammalia,Perissodactyla,Rhinocerotidae,High,Inferred from habitat affinities,2,Heavily utilize aquatic habitats. Water dependence appears to be a common trait for all rhinos.,Wilson and Mittermeier 2011 Handbook of the Mammals of the World,,,,,,,,
Rhinoceros unicornis,Greater One-horned Rhino,Extant,Mammalia,Perissodactyla,Rhinocerotidae,High,Inferred from habitat affinities,2,"Free water dependent, rarely venturing >2km from perennial water.",Wilson and Mittermeier 2011 Handbook of the Mammals of the World,,,,,,,,
Stephanorhinus hemitoechus,,Extinct before 1500 CE,Mammalia,Perissodactyla,Rhinocerotidae,,,,,,,,,,,,,
Stephanorhinus kirchbergensis,,Extinct before 1500 CE,Mammalia,Perissodactyla,Rhinocerotidae,,,,,,,,,,,,,
Tapirus augustus,Giant Tapir,Extinct before 1500 CE,Mammalia,Perissodactyla,Tapiridae,High,Inferred from Genus; Inferred from habitat association,1,"No empirical evidence, but given the aquatic tendencies of this genus, going to score as free water dependent.",NA,,,,,,,,
Tapirus bairdii,Baird's Tapir,Extant,Mammalia,Perissodactyla,Tapiridae,High,Inferred from habitat affinities,2,Closely associated with water and wetlands. Inferring free water dependence.,Wilman et al. 2014 Ecology; IUCN Redlist 2018; Gingerich 2003 Paleobiology; Pacini and Harper 2008 Tropical stream ecology,,,,,,,,
Tapirus indicus,Malay Tapir,Extant,Mammalia,Perissodactyla,Tapiridae,High,Inferred from habitat affinities,2,Closely associated with water and wetlands. Inferring free water dependence.,Wilman et al. 2014 Ecology; IUCN Redlist 2018; Gingerich 2003 Paleobiology; Pacini and Harper 2008 Tropical stream ecology,,,,,,,,
Tapirus merriami,Merriam's Tapir,Extinct before 1500 CE,Mammalia,Perissodactyla,Tapiridae,High,Inferred from Genus; Inferred from habitat association,1,Closely associated with water and wetlands. Inferring free water dependence.,San Diego Zoo Fact Sheets,,,,,,,,
Tapirus pinchaque,Mountain Tapir,Extant,Mammalia,Perissodactyla,Tapiridae,,,,,,,,,,,,,
Tapirus rondoniensis,,Extinct before 1500 CE,Mammalia,Perissodactyla,Tapiridae,High,Inferred from Genus; Inferred from habitat association,1,"No empirical evidence, but given the aquatic tendencies of this genus, going to score as free water dependent.",NA,,,,,,,,
Tapirus terrestris,Lowland Tapir,Extant,Mammalia,Perissodactyla,Tapiridae,High,Inferred from habitat affinities,2,Closely associated with water and wetlands. Inferring free water dependence.,Wilman et al. 2014 Ecology; IUCN Redlist 2018; Gingerich 2003 Paleobiology; Pacini and Harper 2008 Tropical stream ecology,,,,,,,,
Tapirus veroensis,Vero Tapir; California Tapir,Extinct before 1500 CE,Mammalia,Perissodactyla,Tapiridae,High,Inferred from Genus; Inferred from habitat association,1,"No empirical evidence, but given the aquatic tendencies of this genus, going to score as free water dependent.",NA,,,,,,,,
Acratocnus odontrigonus,Puerto Rican Ground Sloth,Extinct before 1500 CE,Mammalia,Pilosa,Megalonychidae,,,,,,0,,0,,Functional morphology,1,"Pujos infers that these arboreal sloths were not adapted for digging, unlike other ground sloths.",Pujos et al. 2012 Journal of Mammalian Evolution
Acratocnus ye,,Extinct before 1500 CE,Mammalia,Pilosa,Megalonychidae,,,,,,0,,0,,Functional morphology,1,"Pujos infers that these arboreal sloths were not adapted for digging, unlike other ground sloths.",Pujos et al. 2012 Journal of Mammalian Evolution
Diabolotherium nordenskioldi,,Extinct before 1500 CE,Mammalia,Pilosa,Megalonychidae,,,,,,0,,0,,Functional morphology,1,Morphology indicates that this group was not adapted for digging or burrowing.,Pujos et al. 2012 Journal of Mammalian Evolution
Megalocnus rodens,,Extinct before 1500 CE,Mammalia,Pilosa,Megalonychidae,,,,,,0,,0,,Functional morphology,1,Morphology indicates that this group was not adapted for digging or burrowing.,Pujos et al. 2012 Journal of Mammalian Evolution
Megalocnus zile,,Extinct before 1500 CE,Mammalia,Pilosa,Megalonychidae,,,,,,0,,0,,Functional morphology,1,Morphology indicates that this group was not adapted for digging or burrowing.,Pujos et al. 2012 Journal of Mammalian Evolution
Megalonyx jeffersonii,Jefferson's Ground Sloth,Extinct before 1500 CE,Mammalia,Pilosa,Megalonychidae,,,,,,0,,0,,Functional morphology,1,Morphology indicates that this group was not adapted for digging or burrowing.,Pujos et al. 2012 Journal of Mammalian Evolution
Neocnus comes,,Extinct before 1500 CE,Mammalia,Pilosa,Megalonychidae,,,,,,0,,0,,Functional morphology,1,Morphology indicates that this group was not adapted for digging or burrowing.,Pujos et al. 2012 Journal of Mammalian Evolution
Neocnus dousman,,Extinct before 1500 CE,Mammalia,Pilosa,Megalonychidae,,,,,,0,,0,,Functional morphology,1,Morphology indicates that this group was not adapted for digging or burrowing.,Pujos et al. 2012 Journal of Mammalian Evolution
Parocnus browni,,Extinct before 1500 CE,Mammalia,Pilosa,Megalonychidae,,,,,,0,,0,,Functional morphology,1,Morphology indicates that this group was not adapted for digging or burrowing.,Pujos et al. 2012 Journal of Mammalian Evolution
Parocnus serus,,Extinct before 1500 CE,Mammalia,Pilosa,Megalonychidae,,,,,,0,,0,,Functional morphology,1,Morphology indicates that this group was not adapted for digging or burrowing.,Pujos et al. 2012 Journal of Mammalian Evolution
Eremotherium laurillardi,,Extinct before 1500 CE,Mammalia,Pilosa,Megatheriidae,,,,,,0,,0,,Functional morphology,1,Morphology indicates that this group was not adapted for digging or burrowing.,Pujos et al. 2012 Journal of Mammalian Evolution
Megatherium americanum,Giant Ground Sloth,Extinct before 1500 CE,Mammalia,Pilosa,Megatheriidae,,,,,,0,,0,,Functional morphology,1,Morphology indicates that this group was not adapted for digging or burrowing.,Pujos et al. 2012 Journal of Mammalian Evolution
Megatherium tarijense,,Extinct before 1500 CE,Mammalia,Pilosa,Megatheriidae,,,,,,0,,0,,Functional morphology,1,Morphology indicates that this group was not adapted for digging or burrowing.,Pujos et al. 2012 Journal of Mammalian Evolution
Catonyx cuvieri,,Extinct before 1500 CE,Mammalia,Pilosa,Mylodontidae,,,,,,1,,1,,Functional morphology,1,Morphology indicates that this group of sloths was adapted for digging and for burrowing.,Pujos et al. 2012 Journal of Mammalian Evolution
Glossotherium robustum,,Extinct before 1500 CE,Mammalia,Pilosa,Mylodontidae,,,,,,1,,1,,Functional morphology,1,Morphology indicates that this group of sloths was adapted for digging and for burrowing.,Pujos et al. 2012 Journal of Mammalian Evolution
Lestodon armatus,,Extinct before 1500 CE,Mammalia,Pilosa,Mylodontidae,,,,,,1,,1,,Functional morphology,1,"Morphology indicates that this group of sloths was adapted for digging and for burrowing.. This species is the best candidate for the large, extensive burrows of Brazil due to its size and digging ability",Pujos et al. 2012 Journal of Mammalian Evolution
Mylodon darwinii,Darwin's Ground Sloth,Extinct before 1500 CE,Mammalia,Pilosa,Mylodontidae,,,,,,1,,1,,Functional morphology,1,Morphology indicates that this group of sloths was adapted for digging and for burrowing.,Pujos et al. 2012 Journal of Mammalian Evolution
Paramylodon harlani,Harlan's Ground Sloth,Extinct before 1500 CE,Mammalia,Pilosa,Mylodontidae,,,,,,1,,1,,Functional morphology,1,Morphology indicates that this group of sloths was adapted for digging and for burrowing.,Pujos et al. 2012 Journal of Mammalian Evolution
Scelidodon chiliensis,,Extinct before 1500 CE,Mammalia,Pilosa,Mylodontidae,,,,,,1,,1,,Inferred from sister genus Valgipes,1,Morphology indicates that this group of sloths was adapted for digging and for burrowing.,Pujos et al. 2012 Journal of Mammalian Evolution
Scelidotherium leptocephalum,,Extinct before 1500 CE,Mammalia,Pilosa,Mylodontidae,,,,,,1,,1,,Functional morphology,1,Morphology indicates that this group of sloths was adapted for digging and for burrowing.,Pujos et al. 2012 Journal of Mammalian Evolution
Valgipes bucklandi,,Extinct before 1500 CE,Mammalia,Pilosa,Mylodontidae,,,,,,1,,1,1,Functional morphology,1,Morphology indicates that this group of sloths was adapted for digging and for burrowing.,Pereira et al. 2013 Journal of South American Earth Sciences
Nothrotheriops shastensis,Shasta Ground Sloth,Extinct before 1500 CE,Mammalia,Pilosa,Nothrotheridae,,,,,,0,,0,,Functional morphology,1,Morphology indicates that this group was not adapted for digging or burrowing.,Pujos et al. 2012 Journal of Mammalian Evolution
Nothrotherium maquinense,,Extinct before 1500 CE,Mammalia,Pilosa,Nothrotheridae,,,,,,0,,0,,Functional morphology,1,Morphology indicates that this group was not adapted for digging or burrowing.,Pujos et al. 2012 Journal of Mammalian Evolution
Archaeolemur edwardsi,,Extinct before 1500 CE,Mammalia,Primates,Archaeolemuridae,,,,,,,,,,,,,
Archaeolemur majori,,Extinct before 1500 CE,Mammalia,Primates,Archaeolemuridae,,,,,,,,,,,,,
Hadropithecus stenognathus,,Extinct before 1500 CE,Mammalia,Primates,Archaeolemuridae,,,,,,,,,,,,,
Brachyteles arachnoides,Southern Muriqui,Extant,Mammalia,Primates,Atelidae,,,,,,,,,,,,,
Caipora bambuiorum,Caipora,Extinct before 1500 CE,Mammalia,Primates,Atelidae,,,,,,,,,,,,,
Protopithecus brasiliensis,Protopithecus,Extinct before 1500 CE,Mammalia,Primates,Atelidae,,,,,,,,,,,,,
Colobus angolensis,Angolan Colobus,Extant,Mammalia,Primates,Cercopithecidae,,,,,,,,,,,,,
Colobus guereza,Guereza,Extant,Mammalia,Primates,Cercopithecidae,,,,,,,,,,,,,
Colobus satanas,Black Colobus,Extant,Mammalia,Primates,Cercopithecidae,,,,,,,,,,,,,
Colobus vellerosus,White-thighed Colobus,Extant,Mammalia,Primates,Cercopithecidae,,,,,,,,,,,,,
Macaca assamensis,Assam Macaque,Extant,Mammalia,Primates,Cercopithecidae,,,,,,,,,,,,,
Macaca fuscata,Japanese Macaque,Extant,Mammalia,Primates,Cercopithecidae,,,,,,,,,,,,,
Macaca munzala,Arunachal Macaque,Extant,Mammalia,Primates,Cercopithecidae,,,,,,,,,,,,,
Macaca sylvanus,Barbary Macaque,Extant,Mammalia,Primates,Cercopithecidae,,,,,,,,,,,,,
Macaca thibetana,Tibetan Macaque,Extant,Mammalia,Primates,Cercopithecidae,,,,,,,,,,,,,
Mandrillus leucophaeus,Drill,Extant,Mammalia,Primates,Cercopithecidae,,,,,,,,,,,,,
Mandrillus sphinx,Mandrill,Extant,Mammalia,Primates,Cercopithecidae,,,,,,,,,,,,,
Papio anubis,Olive Baboon,Extant,Mammalia,Primates,Cercopithecidae,High,Observed water usage,3,All Papio species require surface water.,Wilson and Mittermeier 2013 Handbook of the Mammals of the World; Kingdon et al. 2013 Mammals of Africa,,,,,,,,
Papio cynocephalus,Yellow Baboon,Extant,Mammalia,Primates,Cercopithecidae,High,Observed water usage,3,All Papio species require surface water.,Wilson and Mittermeier 2013 Handbook of the Mammals of the World; Kingdon et al. 2013 Mammals of Africa,,,,,,,,
Papio hamadryas,Hamadryas Baboon,Extant,Mammalia,Primates,Cercopithecidae,High,Observed water usage,3,All Papio species require surface water.,Wilson and Mittermeier 2013 Handbook of the Mammals of the World; Kingdon et al. 2013 Mammals of Africa,,,,,,,,
Papio kindae,Kinda Baboon,Extant,Mammalia,Primates,Cercopithecidae,High,Observed water usage,3,All Papio species require surface water.,Wilson and Mittermeier 2013 Handbook of the Mammals of the World; Kingdon et al. 2013 Mammals of Africa,,,,,,,,
Papio papio,Guinea Baboon,Extant,Mammalia,Primates,Cercopithecidae,High,Observed water usage,3,All Papio species require surface water.,Wilson and Mittermeier 2013 Handbook of the Mammals of the World; Kingdon et al. 2013 Mammals of Africa,,,,,,,,
Papio ursinus,Chacma Baboon,Extant,Mammalia,Primates,Cercopithecidae,High,Observed water usage,3,All Papio species require surface water.,Wilson and Mittermeier 2013 Handbook of the Mammals of the World; Kingdon et al. 2013 Mammals of Africa,1,1,,,Observed digging,3,"Chacma baboons elaborate wells dug initially by gemsbok in West African deserts. They have a hard time digging in dry sand, but as soon as wells reach water table and sand becomes moist, there are adept as scooping sand out with their hands.",Hamilton et al. 1977 Madoqua
Piliocolobus bouvieri,Bouvier's Red Colobus,Extant,Mammalia,Primates,Cercopithecidae,,,,,,,,,,,,,
Piliocolobus epieni,Niger Delta Red Colobus,Extant,Mammalia,Primates,Cercopithecidae,,,,,,,,,,,,,
Piliocolobus oustaleti,Oustalet's Red Colobus,Extant,Mammalia,Primates,Cercopithecidae,,,,,,,,,,,,,
Piliocolobus pennantii,Pennant's Red Colobus,Extant,Mammalia,Primates,Cercopithecidae,,,,,,,,,,,,,
Rhinopithecus brelichi,Grey Snub-nosed Monkey,Extant,Mammalia,Primates,Cercopithecidae,,,,,,,,,,,,,
Rhinopithecus roxellana,Golden Snub-nosed Monkey,Extant,Mammalia,Primates,Cercopithecidae,,,,,,,,,,,,,
Rhinopithecus strykeri,Myanmar Snub-nosed Monkey,Extant,Mammalia,Primates,Cercopithecidae,,,,,,,,,,,,,
Rungwecebus kipunji,Kipunji,Extant,Mammalia,Primates,Cercopithecidae,,,,,,,,,,,,,
Semnopithecus ajax,Kashmir Gray Langur,Extant,Mammalia,Primates,Cercopithecidae,,,,,,,,,,,,,
Semnopithecus dussumieri,Southern Plains Gray Langur,Extant,Mammalia,Primates,Cercopithecidae,,,,,,,,,,,,,
Semnopithecus entellus,Northern Plains Gray Langur,Extant,Mammalia,Primates,Cercopithecidae,,,,,,,,,,,,,
Semnopithecus hector,Tarai Gray Langur,Extant,Mammalia,Primates,Cercopithecidae,,,,,,,,,,,,,
Semnopithecus priam,Tufted Gray Langur,Extant,Mammalia,Primates,Cercopithecidae,,,,,,,,,,,,,
Semnopithecus schistaceus,Nepal Sacred Langur,Extant,Mammalia,Primates,Cercopithecidae,,,,,,,,,,,,,
Theropithecus gelada,Gelada,Extant,Mammalia,Primates,Cercopithecidae,,,,,,,,,,,,,
Trachypithecus johnii,Nilgiri Langur,Extant,Mammalia,Primates,Cercopithecidae,,,,,,,,,,,,,
Trachypithecus pileatus,Capped Langur,Extant,Mammalia,Primates,Cercopithecidae,,,,,,,,,,,,,
Trachypithecus shortridgei,Shortridge's Langur,Extant,Mammalia,Primates,Cercopithecidae,,,,,,,,,,,,,
Daubentonia robustus,Giant aye-aye,Extinct before 1500 CE,Mammalia,Primates,Daubentoniidae,,,,,,,,,,,,,
Gorilla beringei,Eastern Gorilla,Extant,Mammalia,Primates,Hominidae,,,,,,,,,,,,,
Gorilla gorilla,Western Gorilla,Extant,Mammalia,Primates,Hominidae,,,,,,,,,,,,,
Pan paniscus,Bonobo,Extant,Mammalia,Primates,Hominidae,,,,,,,,,,,,,
Pan troglodytes,Chimpanzee,Extant,Mammalia,Primates,Hominidae,,,,,,,,,,,,,
Pongo abelii,Sumatran Orangutan,Extant,Mammalia,Primates,Hominidae,,,,,,,,,,,,,
Pongo pygmaeus,Bornean Orangutan,Extant,Mammalia,Primates,Hominidae,,,,,,,,,,,,,
Symphalangus syndactylus,Siamang,Extant,Mammalia,Primates,Hylobatidae,,,,,,,,,,,,,
Pachylemur insignis,Giant Ruffed Lemur,Extinct before 1500 CE,Mammalia,Primates,Lemuridae,,,,,,,,,,,,,
Pachylemur jullyi,Giant Ruffed Lemur,Extinct before 1500 CE,Mammalia,Primates,Lemuridae,,,,,,,,,,,,,
Megaladapis edwardsi,Koala Lemur,Extinct before 1500 CE,Mammalia,Primates,Megaladapidae,,,,,,,,,,,,,
Megaladapis grandidieri,Koala Lemur,Extinct before 1500 CE,Mammalia,Primates,Megaladapidae,,,,,,,,,,,,,
Megaladapis madagascariensis,Koala Lemur,Extinct before 1500 CE,Mammalia,Primates,Megaladapidae,,,,,,,,,,,,,
Archaeoindris fontoynonti,Sloth Lemur,Extinct before 1500 CE,Mammalia,Primates,Palaeopropithecidae,,,,,,,,,,,,,
Babakotia radofilai,Sloth Lemur,Extinct before 1500 CE,Mammalia,Primates,Palaeopropithecidae,,,,,,,,,,,,,
Mesopropithecus globiceps,Sloth Lemur,Extinct before 1500 CE,Mammalia,Primates,Palaeopropithecidae,,,,,,,,,,,,,
Mesopropithecus pithecoides,Sloth Lemur,Extinct before 1500 CE,Mammalia,Primates,Palaeopropithecidae,,,,,,,,,,,,,
Palaeopropithecus ingens,Large Sloth Lemur,Extinct after 1500 CE,Mammalia,Primates,Palaeopropithecidae,,,,,,,,,,,,,
Palaeopropithecus maximus,Sloth Lemur,Extinct before 1500 CE,Mammalia,Primates,Palaeopropithecidae,,,,,,,,,,,,,
Elephas antiquus,Straight-tusked Elephant,Extinct before 1500 CE,Mammalia,Proboscidea,Elephantidae,,,,,,,,,,,,,
Elephas cypriotes,Cyprus Dwarf Elephant,Extinct before 1500 CE,Mammalia,Proboscidea,Elephantidae,,,,,,,,,,,,,
Elephas iolensis,,Extinct before 1500 CE,Mammalia,Proboscidea,Elephantidae,,,,,,,,,,,,,
Elephas maximus,Asian Elephant,Extant,Mammalia,Proboscidea,Elephantidae,High,Observed foraging,3,"African and Asian elephants are water dependent, with water availability structuring their movements and habitat usage.",Dunkin et al. 2013 The Journal of Experimental Biology,1,1,,,Observed digging,3,Asian elephants will dig for roots and also to reach ground water. The depths they are willing to dig are unclear.,Wilson and Mittermeier 2011 Handbook of the Mammals of the World; L. Baker personal communication; A.A. Sha personal communication
Elephas mnaidriensis,,Extinct before 1500 CE,Mammalia,Proboscidea,Elephantidae,,,,,,,,,,,,,
Elephas namadicus,Asian Straight-tusked Elephant,Extinct before 1500 CE,Mammalia,Proboscidea,Elephantidae,,,,,,,,,,,,,
Elephas naumanii,Naumann's Elephant,Extinct before 1500 CE,Mammalia,Proboscidea,Elephantidae,,,,,,,,,,,,,
Elephas tiliensis,Tilos Dwarf Elephant,Extinct before 1500 CE,Mammalia,Proboscidea,Elephantidae,,,,,,,,,,,,,
Loxodonta africana,African Elephant,Extant,Mammalia,Proboscidea,Elephantidae,High,Observed water usage,3,"African and Asian elephants are water dependent, with water availability structuring their movements and habitat usage.",Hempson et al. 2015 Science; Kingdon et al. 2013 Mammals of Africa; Wilson and Mittermeier 2011 Handbook of the Mammals of the World; Dunkin et al. 2013 The Journal of Experimental Biology,1,1,,,Observed digging,3,"African elephants dig for roots and to access groundwater, digging perhaps as deep as 2-3 m. ",Wilson and Mittermeier 2011 Handbook of the Mammals of the World; Payne 1999 Silent Thunder; Haynes 2012 Geomorphology
Mammuthus columbi,Columbian Mammoth,Extinct before 1500 CE,Mammalia,Proboscidea,Elephantidae,,,,,,,,,,,,,
Mammuthus exilis,Pygmy Mammoth,Extinct before 1500 CE,Mammalia,Proboscidea,Elephantidae,,,,,,,,,,,,,
Mammuthus primigenius,Woolly Mammoth,Extinct before 1500 CE,Mammalia,Proboscidea,Elephantidae,,,,,,,,,,,,,
Cuvieronius hyodon,Gomphothere,Extinct before 1500 CE,Mammalia,Proboscidea,Gomphotheriidae,,,,,,,,,,,,,
Notiomastodon platensis,Gomphothere,Extinct before 1500 CE,Mammalia,Proboscidea,Gomphotheriidae,,,,,,,,,,,,,
Mammut americanum,American Mastodon,Extinct before 1500 CE,Mammalia,Proboscidea,Mammutidae,,,,,,,,,,,,,
Stegodon florensis,Flores Stegodont,Extinct before 1500 CE,Mammalia,Proboscidea,Stegodontidae,,,,,,,,,,,,,
Stegodon orientalis,,Extinct before 1500 CE,Mammalia,Proboscidea,Stegodontidae,,,,,,,,,,,,,
Stegodon trigonocephalus,,Extinct before 1500 CE,Mammalia,Proboscidea,Stegodontidae,,,,,,,,,,,,,
Castor canadensis,American Beaver,Extant,Mammalia,Rodentia,Castoridae,High,Inferred from habitat affinities,2,"Given this species aquatic habitat affinities, we are inferring water dependence.",Wilson and Mittermeier 2016 Handbook of the Mammals of the World; Milligan and Humphries 2010 Oikos; Wilman et al. 2014 Ecology,,,,,,,,
Castor fiber,Eurasian Beaver,Extant,Mammalia,Rodentia,Castoridae,High,Inferred from habitat affinities,2,"Given this species aquatic habitat affinities, we are inferring water dependence.",Wilson and Mittermeier 2016 Handbook of the Mammals of the World; Wilman et al. 2014 Ecology,,,,,,,,
Castoroides ohioensis,Giant Beaver,Extinct before 1500 CE,Mammalia,Rodentia,Castoridae,High,Inferred from habitat affinities,2,"Given this species aquatic habitat affinities, we are inferring water dependence.",Rybczynski 2007 Journal of Mammalian Evolution,,,,,,,,
Hydrochoerus hydrochaeris,Capybara,Extant,Mammalia,Rodentia,Caviidae,High,Inferred from habitat affinity,2,Capybaras are almost certainly free water dependent given their semi-aquatic habits.,Wilson and Mittermeier 2016 Handbook of the Mammals of the World; Wilman et al. 2014 Ecology,,,,,,,,
Hydrochoerus isthmius,Lesser Capybara,Extant,Mammalia,Rodentia,Caviidae,High,Inferred from habitat affinity,2,Capybaras are almost certainly free water dependent given their semi-aquatic habits.,Wilson and Mittermeier 2016 Handbook of the Mammals of the World; Wilman et al. 2014 Ecology,,,,,,,,
Neochoerus aesopi,Giant Capybara,Extinct before 1500 CE,Mammalia,Rodentia,Caviidae,High,Inferred from habitat affinities,2,"Given this species' almost certain aquatic habitat affinities, we are going to infer free water dependence.",MacFadden and Shockey 1997 Paleobiology; Perez et al. 2017 Journal of Mammalian Evolution,,,,,,,,
Dinomys branickii,Pacarana,Extant,Mammalia,Rodentia,Dinomyidae,,,,,,,,,,,,,
Amblyrhiza inundata,Blunt-toothed Giant Hutia,Extinct before 1500 CE,Mammalia,Rodentia,Echimyidae,,,,,,,,,,,,,
Hystrix africaeaustralis,Cape Porcupine,Extant,Mammalia,Rodentia,Hystricidae,,,,,,,,,,,,,
Hystrix cristata,Crested Porcupine,Extant,Mammalia,Rodentia,Hystricidae,,,,,,,,,,,,,
Hystrix indica,Indian Crested Porcupine,Extant,Mammalia,Rodentia,Hystricidae,,,,,,,,,,,,,
Hystrix javanica,Sunda Porcupine,Extant,Mammalia,Rodentia,Hystricidae,,,,,,,,,,,,,
Hystrix refossa,,Extinct before 1500 CE,Mammalia,Rodentia,Hystricidae,,,,,,,,,,,,,